date,week_start_date,zone_id,city,zone_tier,rainfall_mm,peak_hour_rain_mm,temperature_celsius,wind_speed_kmph,weather_code,aqi_index,dominant_pollutant,curfew_flag,strike_flag,zone_closure_flag,platform_outage_hours,festival_flag,is_monsoon_period
2026-06-25,2026-06-22,ZONE_BLR_01,Bangalore,Metro,3.9,1.0,30.1,20.2,61,132,PM10,False,False,False,0.0,False,True
2026-06-26,2026-06-22,ZONE_BLR_01,Bangalore,Metro,3.9,1.9,29.1,16.9,55,82,O3,False,False,False,0.0,True,True
2026-06-27,2026-06-22,ZONE_BLR_01,Bangalore,Metro,5.3,3.0,29.8,15.1,63,165,PM10,False,False,False,0.0,False,True
2026-06-28,2026-06-22,ZONE_BLR_01,Bangalore,Metro,3.2,2.0,28.9,19.9,61,162,PM10,False,False,False,0.0,False,True
2026-06-29,2026-06-29,ZONE_BLR_01,Bangalore,Metro,8.4,5.5,28.1,20.0,61,122,PM10,True,False,True,0.0,False,True
2026-06-30,2026-06-29,ZONE_BLR_01,Bangalore,Metro,1.4,0.2,29.2,23.4,53,116,PM10,False,False,False,0.0,False,True
2026-07-01,2026-06-29,ZONE_BLR_01,Bangalore,Metro,1.1,0.4,25.8,23.5,51,211,PM2.5,False,False,False,0.0,False,True
2026-07-02,2026-06-29,ZONE_BLR_01,Bangalore,Metro,1.2,0.8,28.9,24.1,51,134,PM10,False,False,False,0.0,False,True
2026-07-03,2026-06-29,ZONE_BLR_01,Bangalore,Metro,2.9,1.3,27.7,25.9,53,90,O3,False,False,False,0.0,False,True
2026-07-04,2026-06-29,ZONE_BLR_01,Bangalore,Metro,3.9,0.5,27.6,27.9,53,200,PM10,False,False,False,0.0,False,True
2026-07-05,2026-06-29,ZONE_BLR_01,Bangalore,Metro,1.2,0.4,28.6,29.9,51,204,PM2.5,False,False,False,0.0,False,True
2026-07-06,2026-07-06,ZONE_BLR_01,Bangalore,Metro,1.1,0.5,29.1,29.7,51,153,PM10,False,False,False,0.0,False,True
2026-07-07,2026-07-06,ZONE_BLR_01,Bangalore,Metro,0.9,0.6,28.6,28.8,51,207,PM2.5,False,False,False,0.0,False,True
2026-07-08,2026-07-06,ZONE_BLR_01,Bangalore,Metro,2.3,0.9,28.6,25.5,61,210,PM2.5,False,False,False,0.0,False,True
2026-07-09,2026-07-06,ZONE_BLR_01,Bangalore,Metro,0.8,0.3,29.6,19.8,51,193,PM10,False,False,False,0.0,False,True
2026-07-10,2026-07-06,ZONE_BLR_01,Bangalore,Metro,3.3,0.2,29.9,17.2,53,80,O3,False,False,False,0.0,False,True
2026-07-11,2026-07-06,ZONE_BLR_01,Bangalore,Metro,0.0,0.0,30.8,17.7,3,152,PM10,False,False,False,0.0,False,True
2026-07-12,2026-07-06,ZONE_BLR_01,Bangalore,Metro,0.0,0.0,31.8,17.4,3,214,PM2.5,False,False,False,0.0,False,True
2026-07-13,2026-07-13,ZONE_BLR_01,Bangalore,Metro,0.0,0.0,31.8,18.2,3,119,PM10,False,False,False,0.0,False,True
2026-07-14,2026-07-13,ZONE_BLR_01,Bangalore,Metro,0.0,0.0,32.1,15.3,3,87,O3,False,False,False,0.0,False,True
2026-07-15,2026-07-13,ZONE_BLR_01,Bangalore,Metro,0.0,0.0,31.3,16.0,3,100,O3,False,False,False,0.0,False,True
2026-07-16,2026-07-13,ZONE_BLR_01,Bangalore,Metro,0.0,0.0,30.8,14.8,3,174,PM10,False,False,False,0.0,False,True
2026-07-17,2026-07-13,ZONE_BLR_01,Bangalore,Metro,9.8,4.9,27.5,20.5,63,131,PM10,False,False,False,0.0,False,True
2026-07-18,2026-07-13,ZONE_BLR_01,Bangalore,Metro,6.0,3.6,26.6,17.5,61,85,O3,False,False,False,0.0,False,True
2026-07-19,2026-07-13,ZONE_BLR_01,Bangalore,Metro,1.0,0.6,28.4,15.3,53,176,PM10,False,False,False,0.0,False,True
2026-07-20,2026-07-20,ZONE_BLR_01,Bangalore,Metro,8.3,4.8,28.5,19.5,63,116,PM10,False,False,False,0.0,False,True
2026-07-21,2026-07-20,ZONE_BLR_01,Bangalore,Metro,0.7,0.1,28.9,19.2,51,206,PM2.5,False,False,False,0.0,False,True
2026-07-22,2026-07-20,ZONE_BLR_01,Bangalore,Metro,8.9,3.6,26.6,18.8,63,169,PM10,True,False,True,0.0,False,True
2026-07-23,2026-07-20,ZONE_BLR_01,Bangalore,Metro,1.3,0.6,29.2,19.8,53,156,PM10,False,False,False,0.0,False,True
2026-07-24,2026-07-20,ZONE_BLR_01,Bangalore,Metro,8.2,3.5,29.5,21.1,63,170,PM10,False,False,False,0.0,False,True
2026-07-25,2026-07-20,ZONE_BLR_01,Bangalore,Metro,2.9,1.9,28.9,18.2,53,216,PM2.5,False,False,False,0.0,False,True
2026-07-26,2026-07-20,ZONE_BLR_01,Bangalore,Metro,3.1,0.6,27.3,19.6,61,107,PM10,False,False,False,0.0,False,True
2026-07-27,2026-07-27,ZONE_BLR_01,Bangalore,Metro,1.1,0.4,28.4,23.0,53,208,PM2.5,False,False,False,0.0,False,True
2026-07-28,2026-07-27,ZONE_BLR_01,Bangalore,Metro,1.9,0.8,29.7,22.7,53,199,PM10,False,False,False,0.0,False,True
2026-07-29,2026-07-27,ZONE_BLR_01,Bangalore,Metro,2.0,1.3,29.3,24.7,53,166,PM10,False,False,False,0.0,False,True
2026-07-30,2026-07-27,ZONE_BLR_01,Bangalore,Metro,3.1,1.6,28.3,25.0,53,193,PM10,False,False,False,0.0,False,True
2026-07-31,2026-07-27,ZONE_BLR_01,Bangalore,Metro,2.6,1.3,28.9,24.6,53,178,PM10,False,False,False,0.0,False,True
2026-08-01,2026-07-27,ZONE_BLR_01,Bangalore,Metro,17.0,2.4,27.3,19.4,63,145,PM10,False,False,False,0.0,False,True
2026-08-02,2026-07-27,ZONE_BLR_01,Bangalore,Metro,1.1,0.8,28.9,18.2,51,97,O3,False,False,False,0.0,False,True
2026-08-03,2026-08-03,ZONE_BLR_01,Bangalore,Metro,8.9,5.1,26.1,17.0,61,155,PM10,False,False,False,0.0,False,True
2026-08-04,2026-08-03,ZONE_BLR_01,Bangalore,Metro,18.5,3.3,28.0,16.6,63,141,PM10,False,False,False,0.0,False,True
2026-08-05,2026-08-03,ZONE_BLR_01,Bangalore,Metro,9.5,3.1,27.2,20.2,63,172,PM10,False,False,False,0.0,False,True
2026-08-06,2026-08-03,ZONE_BLR_01,Bangalore,Metro,16.5,3.7,27.3,21.1,63,82,O3,False,False,False,0.0,False,True
2026-08-07,2026-08-03,ZONE_BLR_01,Bangalore,Metro,16.8,8.9,27.5,18.9,65,135,PM10,False,False,False,0.0,False,True
2026-08-08,2026-08-03,ZONE_BLR_01,Bangalore,Metro,4.1,1.9,26.6,18.5,61,172,PM10,False,False,False,0.0,False,True
2026-08-09,2026-08-03,ZONE_BLR_01,Bangalore,Metro,2.0,1.2,28.3,16.4,53,144,PM10,False,False,False,0.0,False,True
2026-08-10,2026-08-10,ZONE_BLR_01,Bangalore,Metro,5.6,2.1,28.8,15.3,61,94,O3,False,False,False,0.0,False,True
2026-08-11,2026-08-10,ZONE_BLR_01,Bangalore,Metro,1.5,0.7,28.3,14.6,51,96,O3,False,False,False,0.0,False,True
2026-08-12,2026-08-10,ZONE_BLR_01,Bangalore,Metro,0.6,0.2,28.7,16.4,51,185,PM10,False,False,False,0.0,False,True
2026-08-13,2026-08-10,ZONE_BLR_01,Bangalore,Metro,5.6,2.2,28.9,18.0,63,185,PM10,False,False,False,0.0,False,True
2026-08-14,2026-08-10,ZONE_BLR_01,Bangalore,Metro,5.3,3.0,29.5,16.5,53,134,PM10,False,False,False,0.0,False,True
2026-08-15,2026-08-10,ZONE_BLR_01,Bangalore,Metro,1.1,0.9,29.3,20.0,51,121,PM10,False,False,False,0.0,True,True
2026-08-16,2026-08-10,ZONE_BLR_01,Bangalore,Metro,0.2,0.1,30.7,21.8,51,88,O3,False,False,False,0.0,False,True
2026-08-17,2026-08-17,ZONE_BLR_01,Bangalore,Metro,1.2,0.6,29.5,17.7,53,195,PM10,False,False,False,0.0,False,True
2026-08-18,2026-08-17,ZONE_BLR_01,Bangalore,Metro,2.8,0.6,29.9,16.2,61,91,O3,True,False,True,0.0,False,True
2026-08-19,2026-08-17,ZONE_BLR_01,Bangalore,Metro,6.8,3.9,28.3,17.6,61,87,O3,False,False,False,0.0,False,True
2026-08-20,2026-08-17,ZONE_BLR_01,Bangalore,Metro,5.2,1.9,27.7,17.1,55,111,PM10,False,False,False,0.0,False,True
2026-08-21,2026-08-17,ZONE_BLR_01,Bangalore,Metro,2.0,0.4,28.6,17.4,51,168,PM10,False,False,False,0.0,False,True
2026-08-22,2026-08-17,ZONE_BLR_01,Bangalore,Metro,3.6,1.2,27.4,22.2,53,213,PM2.5,False,False,False,0.0,False,True
2026-08-23,2026-08-17,ZONE_BLR_01,Bangalore,Metro,9.8,1.2,27.4,17.9,63,161,PM10,False,False,False,0.0,False,True
2026-08-24,2026-08-24,ZONE_BLR_01,Bangalore,Metro,18.2,7.3,25.8,19.0,63,212,PM2.5,False,False,False,0.0,False,True
2026-08-25,2026-08-24,ZONE_BLR_01,Bangalore,Metro,6.3,4.7,27.7,19.7,61,132,PM10,False,False,False,0.0,False,True
2026-08-26,2026-08-24,ZONE_BLR_01,Bangalore,Metro,1.9,0.9,28.7,17.3,53,138,PM10,False,False,False,0.0,True,True
2026-08-27,2026-08-24,ZONE_BLR_01,Bangalore,Metro,2.0,1.5,28.8,18.9,53,187,PM10,False,False,False,0.0,False,True
2026-08-28,2026-08-24,ZONE_BLR_01,Bangalore,Metro,1.3,0.5,28.3,18.9,51,166,PM10,False,False,False,0.0,False,True
2026-08-29,2026-08-24,ZONE_BLR_01,Bangalore,Metro,2.8,1.8,28.0,22.3,55,157,PM10,False,False,False,0.0,False,True
2026-08-30,2026-08-24,ZONE_BLR_01,Bangalore,Metro,3.2,1.5,28.8,19.8,53,178,PM10,False,False,False,0.0,False,True
2026-08-31,2026-08-31,ZONE_BLR_01,Bangalore,Metro,1.0,0.9,28.6,19.3,51,206,PM2.5,False,False,False,0.0,False,True
2026-09-01,2026-08-31,ZONE_BLR_01,Bangalore,Metro,2.2,0.8,28.7,15.9,51,100,O3,False,False,False,0.0,False,True
2026-09-02,2026-08-31,ZONE_BLR_01,Bangalore,Metro,1.8,0.9,30.2,13.6,53,168,PM10,False,False,False,0.0,False,True
2026-09-03,2026-08-31,ZONE_BLR_01,Bangalore,Metro,3.6,2.4,28.7,16.3,61,105,PM10,False,False,False,0.0,False,True
2026-09-04,2026-08-31,ZONE_BLR_01,Bangalore,Metro,3.5,1.6,29.3,13.1,61,103,PM10,False,False,False,0.0,True,True
2026-09-05,2026-08-31,ZONE_BLR_01,Bangalore,Metro,0.0,0.0,30.8,11.4,3,150,PM10,True,False,True,0.0,False,True
2026-09-06,2026-08-31,ZONE_BLR_01,Bangalore,Metro,1.1,0.8,30.5,12.4,51,167,PM10,False,False,False,0.0,False,True
2026-09-07,2026-09-07,ZONE_BLR_01,Bangalore,Metro,0.0,0.0,30.9,13.3,3,166,PM10,False,False,False,0.0,False,True
2026-09-08,2026-09-07,ZONE_BLR_01,Bangalore,Metro,1.6,1.3,31.0,14.9,53,85,O3,False,False,False,0.0,False,True
2026-09-09,2026-09-07,ZONE_BLR_01,Bangalore,Metro,5.1,2.7,30.6,14.6,63,154,PM10,False,False,False,0.0,False,True
2026-09-10,2026-09-07,ZONE_BLR_01,Bangalore,Metro,1.0,0.4,30.1,13.7,51,96,O3,False,False,False,0.0,False,True
2026-09-11,2026-09-07,ZONE_BLR_01,Bangalore,Metro,0.7,0.2,31.0,13.1,51,162,PM10,False,False,False,0.0,False,True
2026-09-12,2026-09-07,ZONE_BLR_01,Bangalore,Metro,0.1,0.0,30.4,9.9,51,129,PM10,False,False,False,0.0,False,True
2026-09-13,2026-09-07,ZONE_BLR_01,Bangalore,Metro,0.0,0.0,30.4,9.9,3,106,PM10,False,False,False,0.0,False,True
2026-09-14,2026-09-14,ZONE_BLR_01,Bangalore,Metro,9.1,5.0,30.4,11.1,63,91,O3,False,False,False,0.0,False,True
2026-09-15,2026-09-14,ZONE_BLR_01,Bangalore,Metro,9.0,2.1,30.8,12.7,61,173,PM10,False,False,False,0.0,False,True
2026-09-16,2026-09-14,ZONE_BLR_01,Bangalore,Metro,5.4,4.2,30.0,8.3,63,139,PM10,False,False,False,0.0,False,True
2026-09-17,2026-09-14,ZONE_BLR_01,Bangalore,Metro,9.6,4.5,30.5,13.6,61,147,PM10,False,False,False,0.0,False,True
2026-06-25,2026-06-22,ZONE_DEL_01,Delhi_NCR,Metro,0.8,0.2,39.0,10.9,51,193,PM10,False,False,False,0.0,False,True
2026-06-26,2026-06-22,ZONE_DEL_01,Delhi_NCR,Metro,1.2,0.7,40.7,7.4,53,210,PM2.5,False,False,False,0.0,True,True
2026-06-27,2026-06-22,ZONE_DEL_01,Delhi_NCR,Metro,1.0,0.6,40.1,12.8,53,197,PM10,False,False,False,0.0,False,True
2026-06-28,2026-06-22,ZONE_DEL_01,Delhi_NCR,Metro,1.0,0.6,41.9,14.3,53,153,PM10,False,False,False,0.0,False,True
2026-06-29,2026-06-29,ZONE_DEL_01,Delhi_NCR,Metro,1.4,1.2,41.7,13.7,55,122,PM10,False,False,False,0.0,False,True
2026-06-30,2026-06-29,ZONE_DEL_01,Delhi_NCR,Metro,4.4,2.1,39.5,14.4,61,167,PM10,False,False,False,0.0,False,True
2026-07-01,2026-06-29,ZONE_DEL_01,Delhi_NCR,Metro,1.8,1.2,32.7,13.8,53,154,PM10,False,False,False,0.0,False,True
2026-07-02,2026-06-29,ZONE_DEL_01,Delhi_NCR,Metro,6.8,4.2,31.5,7.4,63,159,PM10,False,False,False,0.0,False,True
2026-07-03,2026-06-29,ZONE_DEL_01,Delhi_NCR,Metro,0.5,0.3,34.5,7.9,51,135,PM10,False,False,False,0.0,False,True
2026-07-04,2026-06-29,ZONE_DEL_01,Delhi_NCR,Metro,1.4,0.8,36.5,6.8,51,155,PM10,False,False,False,0.0,False,True
2026-07-05,2026-06-29,ZONE_DEL_01,Delhi_NCR,Metro,3.7,1.4,34.5,8.8,63,212,PM2.5,False,False,False,3.1,False,True
2026-07-06,2026-07-06,ZONE_DEL_01,Delhi_NCR,Metro,0.5,0.1,36.7,7.3,51,177,PM10,False,False,False,0.0,False,True
2026-07-07,2026-07-06,ZONE_DEL_01,Delhi_NCR,Metro,8.4,2.8,32.8,9.8,63,209,PM2.5,False,False,False,0.0,False,True
2026-07-08,2026-07-06,ZONE_DEL_01,Delhi_NCR,Metro,11.8,1.0,29.3,10.8,61,152,PM10,True,False,True,0.0,False,True
2026-07-09,2026-07-06,ZONE_DEL_01,Delhi_NCR,Metro,99.8,61.3,29.2,18.9,65,135,PM10,False,False,True,0.0,False,True
2026-07-10,2026-07-06,ZONE_DEL_01,Delhi_NCR,Metro,0.6,0.3,33.0,11.5,51,143,PM10,False,False,False,0.0,False,True
2026-07-11,2026-07-06,ZONE_DEL_01,Delhi_NCR,Metro,0.3,0.1,34.3,11.8,51,168,PM10,False,False,False,0.0,False,True
2026-07-12,2026-07-06,ZONE_DEL_01,Delhi_NCR,Metro,1.5,0.8,35.0,12.3,53,108,PM10,False,False,False,0.0,False,True
2026-07-13,2026-07-13,ZONE_DEL_01,Delhi_NCR,Metro,0.1,0.0,35.8,13.7,51,153,PM10,False,False,False,0.0,False,True
2026-07-14,2026-07-13,ZONE_DEL_01,Delhi_NCR,Metro,2.3,0.6,36.2,19.6,55,132,PM10,False,False,False,0.0,False,True
2026-07-15,2026-07-13,ZONE_DEL_01,Delhi_NCR,Metro,3.4,2.2,36.3,9.7,61,83,O3,False,False,False,0.0,False,True
2026-07-16,2026-07-13,ZONE_DEL_01,Delhi_NCR,Metro,0.0,0.0,37.3,12.6,3,171,PM10,False,False,False,0.0,False,True
2026-07-17,2026-07-13,ZONE_DEL_01,Delhi_NCR,Metro,0.3,0.1,37.4,12.1,51,181,PM10,False,False,False,0.0,False,True
2026-07-18,2026-07-13,ZONE_DEL_01,Delhi_NCR,Metro,0.0,0.0,36.3,14.9,3,81,O3,False,False,False,0.0,False,True
2026-07-19,2026-07-13,ZONE_DEL_01,Delhi_NCR,Metro,3.7,2.0,36.6,11.2,61,105,PM10,False,False,False,0.0,False,True
2026-07-20,2026-07-20,ZONE_DEL_01,Delhi_NCR,Metro,31.9,22.7,31.7,11.5,63,162,PM10,False,False,False,0.0,False,True
2026-07-21,2026-07-20,ZONE_DEL_01,Delhi_NCR,Metro,14.7,10.8,29.9,12.2,63,186,PM10,False,False,False,0.0,False,True
2026-07-22,2026-07-20,ZONE_DEL_01,Delhi_NCR,Metro,5.7,4.9,31.8,16.5,55,117,PM10,False,False,False,0.0,False,True
2026-07-23,2026-07-20,ZONE_DEL_01,Delhi_NCR,Metro,9.8,5.7,32.2,15.0,63,104,PM10,False,False,False,0.0,False,True
2026-07-24,2026-07-20,ZONE_DEL_01,Delhi_NCR,Metro,8.5,2.4,31.0,14.7,63,108,PM10,False,False,False,0.0,False,True
2026-07-25,2026-07-20,ZONE_DEL_01,Delhi_NCR,Metro,2.3,1.7,32.3,12.6,51,138,PM10,False,False,False,0.0,False,True
2026-07-26,2026-07-20,ZONE_DEL_01,Delhi_NCR,Metro,1.4,0.9,33.7,9.6,51,114,PM10,False,False,False,0.0,False,True
2026-07-27,2026-07-27,ZONE_DEL_01,Delhi_NCR,Metro,0.6,0.2,35.3,11.6,51,172,PM10,False,False,False,0.0,False,True
2026-07-28,2026-07-27,ZONE_DEL_01,Delhi_NCR,Metro,19.5,8.5,31.0,13.3,63,149,PM10,False,False,False,0.0,False,True
2026-07-29,2026-07-27,ZONE_DEL_01,Delhi_NCR,Metro,5.8,1.6,32.5,7.0,61,176,PM10,False,False,False,0.0,False,True
2026-07-30,2026-07-27,ZONE_DEL_01,Delhi_NCR,Metro,10.8,4.4,33.2,13.0,63,130,PM10,False,False,False,0.0,False,True
2026-07-31,2026-07-27,ZONE_DEL_01,Delhi_NCR,Metro,4.9,2.3,32.5,14.4,61,192,PM10,False,False,False,0.0,False,True
2026-08-01,2026-07-27,ZONE_DEL_01,Delhi_NCR,Metro,5.5,2.8,32.4,12.5,63,212,PM2.5,False,False,False,0.0,False,True
2026-08-02,2026-07-27,ZONE_DEL_01,Delhi_NCR,Metro,4.8,2.6,33.7,12.0,53,177,PM10,False,False,False,0.0,False,True
2026-08-03,2026-08-03,ZONE_DEL_01,Delhi_NCR,Metro,14.3,9.7,33.4,11.9,63,85,O3,False,False,False,0.0,False,True
2026-08-04,2026-08-03,ZONE_DEL_01,Delhi_NCR,Metro,13.6,3.5,29.5,8.7,61,89,O3,False,False,False,0.0,False,True
2026-08-05,2026-08-03,ZONE_DEL_01,Delhi_NCR,Metro,1.9,1.0,32.5,7.7,55,112,PM10,False,False,False,0.0,False,True
2026-08-06,2026-08-03,ZONE_DEL_01,Delhi_NCR,Metro,12.8,4.5,27.8,8.4,63,187,PM10,False,False,False,0.0,False,True
2026-08-07,2026-08-03,ZONE_DEL_01,Delhi_NCR,Metro,58.3,29.8,29.1,14.4,65,138,PM10,False,False,True,0.0,False,True
2026-08-08,2026-08-03,ZONE_DEL_01,Delhi_NCR,Metro,28.9,13.2,32.1,15.8,63,85,O3,False,False,False,0.0,False,True
2026-08-09,2026-08-03,ZONE_DEL_01,Delhi_NCR,Metro,3.0,1.2,33.8,8.4,53,190,PM10,False,False,False,0.0,False,True
2026-08-10,2026-08-10,ZONE_DEL_01,Delhi_NCR,Metro,7.7,3.4,33.2,10.8,63,218,PM2.5,False,False,False,0.0,False,True
2026-08-11,2026-08-10,ZONE_DEL_01,Delhi_NCR,Metro,12.5,8.6,30.4,9.7,63,110,PM10,False,False,False,0.0,False,True
2026-08-12,2026-08-10,ZONE_DEL_01,Delhi_NCR,Metro,2.0,0.9,34.4,11.1,53,219,PM2.5,False,False,False,0.0,False,True
2026-08-13,2026-08-10,ZONE_DEL_01,Delhi_NCR,Metro,2.6,0.5,33.6,9.2,55,111,PM10,False,False,False,0.0,False,True
2026-08-14,2026-08-10,ZONE_DEL_01,Delhi_NCR,Metro,11.6,8.1,30.9,6.0,63,204,PM2.5,False,False,False,0.0,False,True
2026-08-15,2026-08-10,ZONE_DEL_01,Delhi_NCR,Metro,4.5,2.5,32.5,8.5,55,132,PM10,False,False,False,0.0,True,True
2026-08-16,2026-08-10,ZONE_DEL_01,Delhi_NCR,Metro,4.9,2.0,33.3,10.4,63,199,PM10,False,False,False,0.0,False,True
2026-08-17,2026-08-17,ZONE_DEL_01,Delhi_NCR,Metro,4.5,1.4,33.0,11.7,61,117,PM10,False,False,False,0.0,False,True
2026-08-18,2026-08-17,ZONE_DEL_01,Delhi_NCR,Metro,3.0,1.4,33.1,9.6,55,177,PM10,False,False,False,0.0,False,True
2026-08-19,2026-08-17,ZONE_DEL_01,Delhi_NCR,Metro,5.2,2.2,33.2,7.5,63,195,PM10,False,False,False,0.0,False,True
2026-08-20,2026-08-17,ZONE_DEL_01,Delhi_NCR,Metro,4.5,1.5,33.2,7.5,61,80,O3,False,False,False,0.0,False,True
2026-08-21,2026-08-17,ZONE_DEL_01,Delhi_NCR,Metro,0.9,0.4,33.6,11.1,53,189,PM10,False,False,False,0.0,False,True
2026-08-22,2026-08-17,ZONE_DEL_01,Delhi_NCR,Metro,8.0,6.2,33.3,10.0,63,94,O3,False,False,False,0.0,False,True
2026-08-23,2026-08-17,ZONE_DEL_01,Delhi_NCR,Metro,8.2,5.2,32.7,10.4,63,128,PM10,True,False,True,0.0,False,True
2026-08-24,2026-08-24,ZONE_DEL_01,Delhi_NCR,Metro,6.9,4.5,31.7,10.8,63,148,PM10,False,False,False,0.0,False,True
2026-08-25,2026-08-24,ZONE_DEL_01,Delhi_NCR,Metro,3.4,2.9,32.6,7.3,55,102,PM10,False,False,False,0.0,False,True
2026-08-26,2026-08-24,ZONE_DEL_01,Delhi_NCR,Metro,13.5,6.9,32.3,8.2,65,213,PM2.5,False,False,False,0.0,True,True
2026-08-27,2026-08-24,ZONE_DEL_01,Delhi_NCR,Metro,0.0,0.0,34.4,9.0,3,217,PM2.5,False,False,False,0.0,False,True
2026-08-28,2026-08-24,ZONE_DEL_01,Delhi_NCR,Metro,0.5,0.4,34.2,13.9,53,109,PM10,False,False,False,0.0,False,True
2026-08-29,2026-08-24,ZONE_DEL_01,Delhi_NCR,Metro,0.0,0.0,34.9,12.6,3,201,PM2.5,False,False,False,0.0,False,True
2026-08-30,2026-08-24,ZONE_DEL_01,Delhi_NCR,Metro,0.2,0.1,34.0,10.8,51,186,PM10,False,False,False,0.0,False,True
2026-08-31,2026-08-31,ZONE_DEL_01,Delhi_NCR,Metro,0.7,0.4,34.4,12.6,51,175,PM10,False,False,False,0.0,False,True
2026-09-01,2026-08-31,ZONE_DEL_01,Delhi_NCR,Metro,3.9,1.2,34.3,10.4,61,123,PM10,False,False,False,0.0,False,True
2026-09-02,2026-08-31,ZONE_DEL_01,Delhi_NCR,Metro,13.6,2.2,32.5,9.3,65,189,PM10,False,False,False,0.0,False,True
2026-09-03,2026-08-31,ZONE_DEL_01,Delhi_NCR,Metro,3.5,1.9,31.8,9.5,53,166,PM10,False,False,False,0.0,False,True
2026-09-04,2026-08-31,ZONE_DEL_01,Delhi_NCR,Metro,13.3,9.1,30.2,9.1,63,84,O3,False,False,False,0.0,True,True
2026-09-05,2026-08-31,ZONE_DEL_01,Delhi_NCR,Metro,23.5,6.2,27.9,13.1,63,103,PM10,False,False,False,0.0,False,True
2026-09-06,2026-08-31,ZONE_DEL_01,Delhi_NCR,Metro,18.1,9.1,27.6,12.4,63,179,PM10,False,False,False,0.0,False,True
2026-09-07,2026-09-07,ZONE_DEL_01,Delhi_NCR,Metro,0.9,0.3,32.4,9.2,53,156,PM10,False,False,False,0.0,False,True
2026-09-08,2026-09-07,ZONE_DEL_01,Delhi_NCR,Metro,1.3,0.6,32.4,12.8,53,114,PM10,False,False,False,0.0,False,True
2026-09-09,2026-09-07,ZONE_DEL_01,Delhi_NCR,Metro,0.0,0.0,33.5,13.8,1,172,PM10,False,False,False,0.0,False,True
2026-09-10,2026-09-07,ZONE_DEL_01,Delhi_NCR,Metro,0.0,0.0,34.4,11.5,2,111,PM10,False,False,False,0.0,False,True
2026-09-11,2026-09-07,ZONE_DEL_01,Delhi_NCR,Metro,8.7,5.3,31.1,14.1,63,107,PM10,False,False,False,0.0,False,True
2026-09-12,2026-09-07,ZONE_DEL_01,Delhi_NCR,Metro,7.6,1.3,31.0,11.2,63,128,PM10,False,False,False,0.0,False,True
2026-09-13,2026-09-07,ZONE_DEL_01,Delhi_NCR,Metro,0.6,0.3,32.5,10.3,51,206,PM2.5,False,False,False,0.0,False,True
2026-09-14,2026-09-14,ZONE_DEL_01,Delhi_NCR,Metro,3.7,0.6,31.8,11.1,55,182,PM10,False,False,False,0.0,False,True
2026-09-15,2026-09-14,ZONE_DEL_01,Delhi_NCR,Metro,1.6,0.7,32.9,14.4,53,199,PM10,False,False,False,0.0,False,True
2026-09-16,2026-09-14,ZONE_DEL_01,Delhi_NCR,Metro,0.3,0.2,35.0,7.8,51,102,PM10,False,False,False,0.0,False,True
2026-09-17,2026-09-14,ZONE_DEL_01,Delhi_NCR,Metro,2.0,1.3,32.5,13.5,61,113,PM10,False,False,False,0.0,False,True
2026-06-25,2026-06-22,ZONE_BOM_01,Mumbai,Metro,6.7,2.1,29.7,15.3,55,166,PM10,False,False,False,0.0,False,True
2026-06-26,2026-06-22,ZONE_BOM_01,Mumbai,Metro,5.8,1.7,30.3,15.3,61,198,PM10,False,False,False,0.0,True,True
2026-06-27,2026-06-22,ZONE_BOM_01,Mumbai,Metro,0.8,0.3,31.1,11.2,51,154,PM10,False,False,False,0.0,False,True
2026-06-28,2026-06-22,ZONE_BOM_01,Mumbai,Metro,11.5,4.0,30.6,13.0,63,218,PM2.5,False,False,False,0.0,False,True
2026-06-29,2026-06-29,ZONE_BOM_01,Mumbai,Metro,26.4,10.3,28.4,12.4,61,99,O3,False,False,False,0.0,False,True
2026-06-30,2026-06-29,ZONE_BOM_01,Mumbai,Metro,57.5,19.4,28.6,20.7,63,174,PM10,False,False,True,0.0,False,True
2026-07-01,2026-06-29,ZONE_BOM_01,Mumbai,Metro,86.6,43.5,27.3,21.4,65,149,PM10,False,False,True,0.0,False,True
2026-07-02,2026-06-29,ZONE_BOM_01,Mumbai,Metro,55.7,23.7,27.6,19.8,63,110,PM10,False,False,True,0.0,False,True
2026-07-03,2026-06-29,ZONE_BOM_01,Mumbai,Metro,51.8,12.8,27.3,18.8,63,216,PM2.5,False,False,True,0.0,False,True
2026-07-04,2026-06-29,ZONE_BOM_01,Mumbai,Metro,78.1,37.0,27.3,19.1,63,125,PM10,False,False,True,0.0,False,True
2026-07-05,2026-06-29,ZONE_BOM_01,Mumbai,Metro,136.9,107.5,27.0,30.3,65,156,PM10,False,False,True,0.0,False,True
2026-07-06,2026-07-06,ZONE_BOM_01,Mumbai,Metro,131.8,14.0,27.6,34.6,65,113,PM10,False,False,True,0.0,False,True
2026-07-07,2026-07-06,ZONE_BOM_01,Mumbai,Metro,55.4,47.2,28.1,26.5,63,152,PM10,False,False,True,0.0,False,True
2026-07-08,2026-07-06,ZONE_BOM_01,Mumbai,Metro,25.9,3.4,29.2,27.8,63,193,PM10,False,False,False,0.0,False,True
2026-07-09,2026-07-06,ZONE_BOM_01,Mumbai,Metro,4.0,3.3,29.2,20.7,53,129,PM10,False,False,False,0.0,False,True
2026-07-10,2026-07-06,ZONE_BOM_01,Mumbai,Metro,3.2,2.1,30.2,18.0,51,123,PM10,False,False,False,0.0,False,True
2026-07-11,2026-07-06,ZONE_BOM_01,Mumbai,Metro,7.6,5.6,29.7,21.5,61,105,PM10,False,False,False,0.0,False,True
2026-07-12,2026-07-06,ZONE_BOM_01,Mumbai,Metro,7.6,4.0,30.0,23.2,61,192,PM10,False,False,False,0.0,False,True
2026-07-13,2026-07-13,ZONE_BOM_01,Mumbai,Metro,0.9,0.6,30.2,20.3,51,111,PM10,False,False,False,0.0,False,True
2026-07-14,2026-07-13,ZONE_BOM_01,Mumbai,Metro,1.3,1.0,30.1,16.1,51,189,PM10,False,False,False,0.0,False,True
2026-07-15,2026-07-13,ZONE_BOM_01,Mumbai,Metro,15.9,9.3,29.4,19.6,63,162,PM10,True,False,True,0.0,False,True
2026-07-16,2026-07-13,ZONE_BOM_01,Mumbai,Metro,8.7,5.8,29.6,12.5,53,164,PM10,False,False,False,0.0,False,True
2026-07-17,2026-07-13,ZONE_BOM_01,Mumbai,Metro,16.4,1.8,30.3,16.9,63,177,PM10,False,False,False,0.0,False,True
2026-07-18,2026-07-13,ZONE_BOM_01,Mumbai,Metro,16.2,7.6,30.6,21.8,63,181,PM10,False,False,False,0.0,False,True
2026-07-19,2026-07-13,ZONE_BOM_01,Mumbai,Metro,33.1,15.2,28.6,18.1,63,111,PM10,False,False,False,0.0,False,True
2026-07-20,2026-07-20,ZONE_BOM_01,Mumbai,Metro,52.9,40.9,28.9,24.0,63,203,PM2.5,False,False,True,0.0,False,True
2026-07-21,2026-07-20,ZONE_BOM_01,Mumbai,Metro,25.2,17.2,29.0,23.7,63,158,PM10,False,False,False,0.0,False,True
2026-07-22,2026-07-20,ZONE_BOM_01,Mumbai,Metro,71.0,36.2,27.9,34.0,63,108,PM10,False,False,True,0.0,False,True
2026-07-23,2026-07-20,ZONE_BOM_01,Mumbai,Metro,107.0,41.3,28.1,33.5,65,209,PM2.5,False,False,True,0.0,False,True
2026-07-24,2026-07-20,ZONE_BOM_01,Mumbai,Metro,46.0,26.9,28.6,30.1,63,167,PM10,False,False,True,0.0,False,True
2026-07-25,2026-07-20,ZONE_BOM_01,Mumbai,Metro,20.6,12.8,29.6,24.3,63,122,PM10,False,False,False,0.0,False,True
2026-07-26,2026-07-20,ZONE_BOM_01,Mumbai,Metro,32.1,8.1,29.1,17.2,63,142,PM10,False,False,False,0.0,False,True
2026-07-27,2026-07-27,ZONE_BOM_01,Mumbai,Metro,42.9,22.8,29.0,18.2,65,210,PM2.5,False,False,False,0.0,False,True
2026-07-28,2026-07-27,ZONE_BOM_01,Mumbai,Metro,9.2,5.6,29.6,21.9,61,122,PM10,False,False,False,0.0,False,True
2026-07-29,2026-07-27,ZONE_BOM_01,Mumbai,Metro,10.0,3.7,29.5,25.1,53,195,PM10,False,False,False,0.0,False,True
2026-07-30,2026-07-27,ZONE_BOM_01,Mumbai,Metro,9.8,4.1,28.2,20.2,55,100,O3,False,False,False,0.0,False,True
2026-07-31,2026-07-27,ZONE_BOM_01,Mumbai,Metro,14.7,12.7,28.4,23.7,61,140,PM10,False,False,False,0.0,False,True
2026-08-01,2026-07-27,ZONE_BOM_01,Mumbai,Metro,9.0,3.9,28.8,25.3,61,171,PM10,False,False,False,0.0,False,True
2026-08-02,2026-07-27,ZONE_BOM_01,Mumbai,Metro,25.3,12.9,29.2,22.1,63,122,PM10,False,False,False,0.0,False,True
2026-08-03,2026-08-03,ZONE_BOM_01,Mumbai,Metro,18.7,17.5,29.5,19.3,63,122,PM10,False,False,False,0.0,False,True
2026-08-04,2026-08-03,ZONE_BOM_01,Mumbai,Metro,13.8,7.7,29.4,18.8,61,131,PM10,False,False,False,1.7,False,True
2026-08-05,2026-08-03,ZONE_BOM_01,Mumbai,Metro,15.1,9.1,28.3,17.5,63,116,PM10,False,False,False,1.2,False,True
2026-08-06,2026-08-03,ZONE_BOM_01,Mumbai,Metro,10.4,2.9,29.3,20.2,61,214,PM2.5,False,False,False,0.0,False,True
2026-08-07,2026-08-03,ZONE_BOM_01,Mumbai,Metro,7.2,2.5,29.7,21.2,53,101,PM10,False,False,False,0.0,False,True
2026-08-08,2026-08-03,ZONE_BOM_01,Mumbai,Metro,5.8,4.7,29.2,18.5,55,204,PM2.5,False,False,False,0.0,False,True
2026-08-09,2026-08-03,ZONE_BOM_01,Mumbai,Metro,5.8,2.1,29.6,17.7,55,85,O3,False,False,False,0.0,False,True
2026-08-10,2026-08-10,ZONE_BOM_01,Mumbai,Metro,8.1,2.6,29.3,19.0,61,89,O3,False,False,False,0.0,False,True
2026-08-11,2026-08-10,ZONE_BOM_01,Mumbai,Metro,30.6,19.7,27.1,18.7,63,180,PM10,False,False,False,0.0,False,True
2026-08-12,2026-08-10,ZONE_BOM_01,Mumbai,Metro,12.0,2.3,28.5,17.6,55,104,PM10,False,False,False,0.0,False,True
2026-08-13,2026-08-10,ZONE_BOM_01,Mumbai,Metro,12.6,10.5,28.3,17.8,63,121,PM10,False,False,False,0.0,False,True
2026-08-14,2026-08-10,ZONE_BOM_01,Mumbai,Metro,8.5,6.8,29.0,18.2,53,170,PM10,False,False,False,0.0,False,True
2026-08-15,2026-08-10,ZONE_BOM_01,Mumbai,Metro,13.5,9.4,28.4,16.2,61,193,PM10,False,False,False,0.0,True,True
2026-08-16,2026-08-10,ZONE_BOM_01,Mumbai,Metro,11.3,4.3,29.7,18.7,61,141,PM10,False,False,False,0.0,False,True
2026-08-17,2026-08-17,ZONE_BOM_01,Mumbai,Metro,11.4,5.5,29.4,18.6,61,200,PM10,False,False,False,0.0,False,True
2026-08-18,2026-08-17,ZONE_BOM_01,Mumbai,Metro,9.6,5.0,29.2,20.6,55,188,PM10,False,False,False,0.0,False,True
2026-08-19,2026-08-17,ZONE_BOM_01,Mumbai,Metro,5.0,1.7,29.1,18.1,53,98,O3,False,False,False,0.0,False,True
2026-08-20,2026-08-17,ZONE_BOM_01,Mumbai,Metro,2.1,1.1,29.7,16.4,51,162,PM10,False,False,False,0.0,False,True
2026-08-21,2026-08-17,ZONE_BOM_01,Mumbai,Metro,9.9,2.0,28.9,19.6,55,102,PM10,False,False,False,0.0,False,True
2026-08-22,2026-08-17,ZONE_BOM_01,Mumbai,Metro,16.7,3.4,29.0,20.0,63,166,PM10,True,False,True,2.8,False,True
2026-08-23,2026-08-17,ZONE_BOM_01,Mumbai,Metro,6.3,4.3,29.3,17.0,55,108,PM10,False,False,False,0.0,False,True
2026-08-24,2026-08-24,ZONE_BOM_01,Mumbai,Metro,4.4,1.0,28.9,16.8,53,131,PM10,False,False,False,0.0,False,True
2026-08-25,2026-08-24,ZONE_BOM_01,Mumbai,Metro,7.3,2.8,29.4,15.3,53,80,O3,False,False,False,0.0,False,True
2026-08-26,2026-08-24,ZONE_BOM_01,Mumbai,Metro,4.2,0.8,29.4,16.2,53,89,O3,False,False,False,0.0,True,True
2026-08-27,2026-08-24,ZONE_BOM_01,Mumbai,Metro,7.6,4.5,29.6,17.8,53,195,PM10,False,False,False,0.0,False,True
2026-08-28,2026-08-24,ZONE_BOM_01,Mumbai,Metro,5.4,2.9,29.1,21.1,53,100,O3,False,False,False,0.0,False,True
2026-08-29,2026-08-24,ZONE_BOM_01,Mumbai,Metro,4.6,1.1,28.9,20.9,53,210,PM2.5,False,False,False,0.0,False,True
2026-08-30,2026-08-24,ZONE_BOM_01,Mumbai,Metro,2.9,1.6,29.5,20.2,51,133,PM10,True,False,True,0.0,False,True
2026-08-31,2026-08-31,ZONE_BOM_01,Mumbai,Metro,4.6,2.4,29.1,18.4,53,196,PM10,False,False,False,0.0,False,True
2026-09-01,2026-08-31,ZONE_BOM_01,Mumbai,Metro,6.1,1.7,29.6,17.5,53,106,PM10,False,False,False,0.0,False,True
2026-09-02,2026-08-31,ZONE_BOM_01,Mumbai,Metro,13.8,7.1,28.2,14.1,61,141,PM10,False,False,False,0.0,False,True
2026-09-03,2026-08-31,ZONE_BOM_01,Mumbai,Metro,5.6,2.7,29.4,16.2,53,213,PM2.5,False,False,False,0.0,False,True
2026-09-04,2026-08-31,ZONE_BOM_01,Mumbai,Metro,9.1,3.7,29.6,14.6,53,142,PM10,False,False,False,0.0,True,True
2026-09-05,2026-08-31,ZONE_BOM_01,Mumbai,Metro,16.1,8.5,28.5,15.3,61,128,PM10,False,False,False,0.0,False,True
2026-09-06,2026-08-31,ZONE_BOM_01,Mumbai,Metro,5.7,1.3,28.9,14.8,53,182,PM10,False,False,False,0.0,False,True
2026-09-07,2026-09-07,ZONE_BOM_01,Mumbai,Metro,7.3,3.8,29.0,14.6,53,95,O3,False,False,False,0.0,False,True
2026-09-08,2026-09-07,ZONE_BOM_01,Mumbai,Metro,6.9,2.9,29.3,15.3,53,200,PM10,False,False,False,0.0,False,True
2026-09-09,2026-09-07,ZONE_BOM_01,Mumbai,Metro,4.0,0.8,29.1,14.7,53,103,PM10,False,False,False,0.0,False,True
2026-09-10,2026-09-07,ZONE_BOM_01,Mumbai,Metro,2.8,1.1,29.1,10.2,51,192,PM10,False,False,False,0.0,False,True
2026-09-11,2026-09-07,ZONE_BOM_01,Mumbai,Metro,1.5,0.3,29.7,11.9,51,185,PM10,False,False,False,0.0,False,True
2026-09-12,2026-09-07,ZONE_BOM_01,Mumbai,Metro,4.9,3.1,30.0,14.9,55,217,PM2.5,False,False,False,0.0,False,True
2026-09-13,2026-09-07,ZONE_BOM_01,Mumbai,Metro,25.5,19.6,27.3,11.6,63,195,PM10,False,False,False,0.0,False,True
2026-09-14,2026-09-14,ZONE_BOM_01,Mumbai,Metro,10.3,6.1,28.8,18.0,55,160,PM10,False,False,False,0.0,False,True
2026-09-15,2026-09-14,ZONE_BOM_01,Mumbai,Metro,8.2,5.7,30.0,20.1,53,191,PM10,False,False,False,0.0,False,True
2026-09-16,2026-09-14,ZONE_BOM_01,Mumbai,Metro,2.9,1.2,29.8,13.5,53,105,PM10,False,False,False,0.0,False,True
2026-09-17,2026-09-14,ZONE_BOM_01,Mumbai,Metro,1.9,1.1,29.9,14.3,51,192,PM10,False,False,False,0.0,False,True
2026-06-25,2026-06-22,ZONE_MAA_01,Chennai,Metro,2.6,0.8,37.1,15.3,61,203,PM2.5,False,False,False,0.0,False,True
2026-06-26,2026-06-22,ZONE_MAA_01,Chennai,Metro,0.0,0.0,35.6,16.1,3,91,O3,False,False,False,0.0,True,True
2026-06-27,2026-06-22,ZONE_MAA_01,Chennai,Metro,6.6,4.6,37.6,17.3,61,194,PM10,False,False,False,0.0,False,True
2026-06-28,2026-06-22,ZONE_MAA_01,Chennai,Metro,24.5,6.7,34.6,15.7,65,149,PM10,False,False,False,0.0,False,True
2026-06-29,2026-06-29,ZONE_MAA_01,Chennai,Metro,1.7,1.4,34.7,16.6,53,99,O3,False,False,False,0.0,False,True
2026-06-30,2026-06-29,ZONE_MAA_01,Chennai,Metro,2.9,1.4,36.3,15.7,61,145,PM10,False,False,False,0.0,False,True
2026-07-01,2026-06-29,ZONE_MAA_01,Chennai,Metro,0.3,0.1,35.5,21.7,51,104,PM10,False,False,False,0.0,False,True
2026-07-02,2026-06-29,ZONE_MAA_01,Chennai,Metro,0.1,0.1,35.4,18.6,51,122,PM10,False,False,False,0.0,False,True
2026-07-03,2026-06-29,ZONE_MAA_01,Chennai,Metro,1.0,0.4,36.1,23.0,53,116,PM10,False,False,False,0.0,False,True
2026-07-04,2026-06-29,ZONE_MAA_01,Chennai,Metro,5.8,3.2,32.5,18.2,63,156,PM10,False,False,False,0.0,False,True
2026-07-05,2026-06-29,ZONE_MAA_01,Chennai,Metro,0.0,0.0,38.4,21.3,3,119,PM10,False,False,False,0.0,False,True
2026-07-06,2026-07-06,ZONE_MAA_01,Chennai,Metro,0.0,0.0,39.2,26.3,3,185,PM10,True,False,True,0.0,False,True
2026-07-07,2026-07-06,ZONE_MAA_01,Chennai,Metro,0.5,0.4,39.0,23.5,51,181,PM10,False,False,False,0.0,False,True
2026-07-08,2026-07-06,ZONE_MAA_01,Chennai,Metro,0.2,0.0,38.6,21.2,51,93,O3,False,False,False,0.0,False,True
2026-07-09,2026-07-06,ZONE_MAA_01,Chennai,Metro,5.2,2.2,37.8,16.6,61,206,PM2.5,False,False,False,0.0,False,True
2026-07-10,2026-07-06,ZONE_MAA_01,Chennai,Metro,2.9,1.7,33.9,17.6,61,191,PM10,False,False,False,0.0,False,True
2026-07-11,2026-07-06,ZONE_MAA_01,Chennai,Metro,0.5,0.2,37.3,13.0,51,163,PM10,False,False,False,0.0,False,True
2026-07-12,2026-07-06,ZONE_MAA_01,Chennai,Metro,0.0,0.0,37.1,14.3,3,124,PM10,False,False,False,0.0,False,True
2026-07-13,2026-07-13,ZONE_MAA_01,Chennai,Metro,0.0,0.0,38.7,16.8,3,204,PM2.5,False,False,False,0.0,False,True
2026-07-14,2026-07-13,ZONE_MAA_01,Chennai,Metro,0.0,0.0,37.4,13.7,3,162,PM10,False,False,False,0.0,False,True
2026-07-15,2026-07-13,ZONE_MAA_01,Chennai,Metro,0.0,0.0,38.2,14.3,3,94,O3,False,False,False,0.0,False,True
2026-07-16,2026-07-13,ZONE_MAA_01,Chennai,Metro,0.1,0.1,38.2,17.6,51,213,PM2.5,False,False,False,0.0,False,True
2026-07-17,2026-07-13,ZONE_MAA_01,Chennai,Metro,4.0,3.4,37.3,17.3,55,146,PM10,False,False,False,0.0,False,True
2026-07-18,2026-07-13,ZONE_MAA_01,Chennai,Metro,2.3,1.7,32.4,13.1,53,80,O3,False,False,False,0.0,False,True
2026-07-19,2026-07-13,ZONE_MAA_01,Chennai,Metro,4.9,1.5,33.4,19.1,61,92,O3,False,False,False,0.0,False,True
2026-07-20,2026-07-20,ZONE_MAA_01,Chennai,Metro,10.7,5.9,33.0,16.2,63,218,PM2.5,False,False,False,0.0,False,True
2026-07-21,2026-07-20,ZONE_MAA_01,Chennai,Metro,0.6,0.4,34.2,14.5,51,165,PM10,False,False,False,2.4,False,True
2026-07-22,2026-07-20,ZONE_MAA_01,Chennai,Metro,10.0,5.9,35.5,16.3,63,88,O3,False,False,False,0.0,False,True
2026-07-23,2026-07-20,ZONE_MAA_01,Chennai,Metro,1.0,0.5,33.9,17.0,53,138,PM10,False,False,False,0.0,False,True
2026-07-24,2026-07-20,ZONE_MAA_01,Chennai,Metro,7.5,3.6,34.4,14.7,63,130,PM10,False,False,False,0.0,False,True
2026-07-25,2026-07-20,ZONE_MAA_01,Chennai,Metro,4.4,1.2,35.6,15.2,63,96,O3,False,False,False,0.0,False,True
2026-07-26,2026-07-20,ZONE_MAA_01,Chennai,Metro,1.4,1.0,36.4,17.5,55,86,O3,False,False,False,0.0,False,True
2026-07-27,2026-07-27,ZONE_MAA_01,Chennai,Metro,1.6,0.3,37.6,16.8,53,140,PM10,False,False,False,0.0,False,True
2026-07-28,2026-07-27,ZONE_MAA_01,Chennai,Metro,0.1,0.0,37.0,19.2,51,200,PM10,False,False,False,0.0,False,True
2026-07-29,2026-07-27,ZONE_MAA_01,Chennai,Metro,8.0,2.9,36.9,23.1,63,176,PM10,False,False,False,0.0,False,True
2026-07-30,2026-07-27,ZONE_MAA_01,Chennai,Metro,1.1,0.5,37.2,21.9,53,83,O3,False,False,False,0.0,False,True
2026-07-31,2026-07-27,ZONE_MAA_01,Chennai,Metro,0.8,0.4,36.6,20.1,53,164,PM10,False,False,False,0.0,False,True
2026-08-01,2026-07-27,ZONE_MAA_01,Chennai,Metro,8.2,4.8,35.5,20.7,63,133,PM10,False,False,False,0.0,False,True
2026-08-02,2026-07-27,ZONE_MAA_01,Chennai,Metro,6.2,2.1,34.6,18.6,63,120,PM10,False,False,False,0.0,False,True
2026-08-03,2026-08-03,ZONE_MAA_01,Chennai,Metro,5.4,4.0,33.7,11.3,61,214,PM2.5,False,False,False,0.0,False,True
2026-08-04,2026-08-03,ZONE_MAA_01,Chennai,Metro,6.2,4.1,34.2,19.7,61,186,PM10,False,False,False,0.0,False,True
2026-08-05,2026-08-03,ZONE_MAA_01,Chennai,Metro,6.7,5.4,34.8,14.3,61,117,PM10,False,False,False,0.0,False,True
2026-08-06,2026-08-03,ZONE_MAA_01,Chennai,Metro,4.3,1.9,33.3,14.3,63,148,PM10,False,False,False,0.0,False,True
2026-08-07,2026-08-03,ZONE_MAA_01,Chennai,Metro,5.6,4.0,32.9,15.0,61,146,PM10,False,False,False,0.0,False,True
2026-08-08,2026-08-03,ZONE_MAA_01,Chennai,Metro,4.1,2.0,34.6,16.6,63,97,O3,False,False,False,0.0,False,True
2026-08-09,2026-08-03,ZONE_MAA_01,Chennai,Metro,6.2,4.8,34.1,16.2,63,147,PM10,False,False,False,0.0,False,True
2026-08-10,2026-08-10,ZONE_MAA_01,Chennai,Metro,2.2,1.2,35.3,17.3,53,151,PM10,False,False,False,0.0,False,True
2026-08-11,2026-08-10,ZONE_MAA_01,Chennai,Metro,9.3,5.3,35.0,16.9,63,160,PM10,False,False,False,0.0,False,True
2026-08-12,2026-08-10,ZONE_MAA_01,Chennai,Metro,0.5,0.2,34.5,18.4,51,88,O3,True,False,True,0.0,False,True
2026-08-13,2026-08-10,ZONE_MAA_01,Chennai,Metro,0.3,0.1,35.0,16.6,51,176,PM10,False,False,False,0.0,False,True
2026-08-14,2026-08-10,ZONE_MAA_01,Chennai,Metro,2.6,1.5,35.1,14.7,55,214,PM2.5,False,False,False,0.0,False,True
2026-08-15,2026-08-10,ZONE_MAA_01,Chennai,Metro,0.0,0.0,35.5,15.3,3,99,O3,False,False,False,0.0,True,True
2026-08-16,2026-08-10,ZONE_MAA_01,Chennai,Metro,0.7,0.3,35.2,14.4,51,187,PM10,False,False,False,0.0,False,True
2026-08-17,2026-08-17,ZONE_MAA_01,Chennai,Metro,1.1,0.4,35.3,17.3,51,89,O3,False,False,False,0.0,False,True
2026-08-18,2026-08-17,ZONE_MAA_01,Chennai,Metro,0.8,0.5,36.1,17.3,51,121,PM10,False,False,False,0.0,False,True
2026-08-19,2026-08-17,ZONE_MAA_01,Chennai,Metro,8.4,4.5,35.9,15.5,63,121,PM10,False,False,False,0.0,False,True
2026-08-20,2026-08-17,ZONE_MAA_01,Chennai,Metro,2.6,2.1,35.8,15.3,53,146,PM10,False,False,False,0.0,False,True
2026-08-21,2026-08-17,ZONE_MAA_01,Chennai,Metro,3.5,1.7,36.3,17.0,61,204,PM2.5,False,False,False,0.0,False,True
2026-08-22,2026-08-17,ZONE_MAA_01,Chennai,Metro,0.1,0.0,36.0,17.2,51,157,PM10,False,False,False,0.0,False,True
2026-08-23,2026-08-17,ZONE_MAA_01,Chennai,Metro,12.9,7.3,34.9,20.7,63,168,PM10,False,False,False,0.0,False,True
2026-08-24,2026-08-24,ZONE_MAA_01,Chennai,Metro,7.6,4.1,32.5,17.3,63,178,PM10,False,False,False,0.0,False,True
2026-08-25,2026-08-24,ZONE_MAA_01,Chennai,Metro,1.4,0.4,32.8,12.4,53,197,PM10,False,False,False,0.0,False,True
2026-08-26,2026-08-24,ZONE_MAA_01,Chennai,Metro,2.5,2.3,34.6,18.4,61,92,O3,True,False,True,0.0,True,True
2026-08-27,2026-08-24,ZONE_MAA_01,Chennai,Metro,1.1,0.5,34.7,14.5,51,179,PM10,False,False,False,0.0,False,True
2026-08-28,2026-08-24,ZONE_MAA_01,Chennai,Metro,0.3,0.2,35.9,15.2,51,86,O3,False,False,False,0.0,False,True
2026-08-29,2026-08-24,ZONE_MAA_01,Chennai,Metro,1.0,0.7,36.6,17.3,53,131,PM10,False,False,False,0.0,False,True
2026-08-30,2026-08-24,ZONE_MAA_01,Chennai,Metro,1.2,0.7,36.3,14.9,53,146,PM10,False,False,False,0.0,False,True
2026-08-31,2026-08-31,ZONE_MAA_01,Chennai,Metro,0.0,0.0,35.4,16.4,3,183,PM10,False,False,False,0.0,False,True
2026-09-01,2026-08-31,ZONE_MAA_01,Chennai,Metro,0.4,0.1,34.4,15.8,51,179,PM10,False,False,False,0.0,False,True
2026-09-02,2026-08-31,ZONE_MAA_01,Chennai,Metro,1.3,0.8,35.6,14.5,53,117,PM10,False,False,False,0.0,False,True
2026-09-03,2026-08-31,ZONE_MAA_01,Chennai,Metro,3.4,1.1,34.8,16.8,61,81,O3,False,False,False,0.0,False,True
2026-09-04,2026-08-31,ZONE_MAA_01,Chennai,Metro,2.4,1.2,32.0,16.9,61,152,PM10,True,False,True,0.0,True,True
2026-09-05,2026-08-31,ZONE_MAA_01,Chennai,Metro,3.6,2.9,33.8,12.0,55,188,PM10,False,False,False,0.0,False,True
2026-09-06,2026-08-31,ZONE_MAA_01,Chennai,Metro,2.0,0.4,34.9,16.8,53,198,PM10,False,False,False,0.0,False,True
2026-09-07,2026-09-07,ZONE_MAA_01,Chennai,Metro,0.6,0.3,35.6,14.4,51,89,O3,False,False,False,0.0,False,True
2026-09-08,2026-09-07,ZONE_MAA_01,Chennai,Metro,4.6,0.9,34.8,14.7,61,211,PM2.5,False,False,False,0.0,False,True
2026-09-09,2026-09-07,ZONE_MAA_01,Chennai,Metro,0.6,0.2,35.0,14.1,51,107,PM10,False,False,False,0.0,False,True
2026-09-10,2026-09-07,ZONE_MAA_01,Chennai,Metro,2.4,1.7,33.7,14.8,61,134,PM10,False,False,False,0.0,False,True
2026-09-11,2026-09-07,ZONE_MAA_01,Chennai,Metro,11.4,4.6,33.5,13.2,63,179,PM10,False,False,False,0.0,False,True
2026-09-12,2026-09-07,ZONE_MAA_01,Chennai,Metro,1.7,1.3,33.5,14.3,61,150,PM10,False,False,False,0.0,False,True
2026-09-13,2026-09-07,ZONE_MAA_01,Chennai,Metro,2.0,1.4,33.4,13.0,53,86,O3,False,False,False,0.0,False,True
2026-09-14,2026-09-14,ZONE_MAA_01,Chennai,Metro,22.7,17.3,31.4,10.3,65,199,PM10,False,False,False,0.0,False,True
2026-09-15,2026-09-14,ZONE_MAA_01,Chennai,Metro,0.4,0.2,32.7,13.4,51,217,PM2.5,False,False,False,0.0,False,True
2026-09-16,2026-09-14,ZONE_MAA_01,Chennai,Metro,0.5,0.3,34.0,12.5,51,114,PM10,False,True,True,0.0,False,True
2026-09-17,2026-09-14,ZONE_MAA_01,Chennai,Metro,3.8,3.0,36.0,13.4,61,81,O3,False,False,False,0.0,False,True
2026-06-25,2026-06-22,ZONE_HYD_01,Hyderabad,Metro,1.8,0.6,30.5,17.2,53,140,PM10,False,False,False,0.0,False,True
2026-06-26,2026-06-22,ZONE_HYD_01,Hyderabad,Metro,1.2,0.7,30.8,14.7,51,219,PM2.5,False,False,False,0.0,True,True
2026-06-27,2026-06-22,ZONE_HYD_01,Hyderabad,Metro,4.2,3.3,28.7,13.8,61,160,PM10,False,False,False,0.0,False,True
2026-06-28,2026-06-22,ZONE_HYD_01,Hyderabad,Metro,14.6,9.0,32.6,17.3,63,106,PM10,True,False,True,0.0,False,True
2026-06-29,2026-06-29,ZONE_HYD_01,Hyderabad,Metro,0.9,0.3,29.6,14.8,51,201,PM2.5,False,False,False,0.0,False,True
2026-06-30,2026-06-29,ZONE_HYD_01,Hyderabad,Metro,1.8,1.1,29.8,19.8,53,119,PM10,False,False,False,0.0,False,True
2026-07-01,2026-06-29,ZONE_HYD_01,Hyderabad,Metro,4.0,2.0,29.1,19.0,53,162,PM10,False,False,False,0.0,False,True
2026-07-02,2026-06-29,ZONE_HYD_01,Hyderabad,Metro,6.9,2.5,28.6,19.9,61,150,PM10,False,False,False,0.0,False,True
2026-07-03,2026-06-29,ZONE_HYD_01,Hyderabad,Metro,7.1,6.1,28.3,25.4,55,101,PM10,False,False,False,0.0,False,True
2026-07-04,2026-06-29,ZONE_HYD_01,Hyderabad,Metro,10.7,7.2,25.2,22.8,55,80,O3,False,False,False,0.0,False,True
2026-07-05,2026-06-29,ZONE_HYD_01,Hyderabad,Metro,4.5,1.8,27.9,24.4,61,112,PM10,False,False,False,0.0,False,True
2026-07-06,2026-07-06,ZONE_HYD_01,Hyderabad,Metro,1.8,0.6,31.1,23.2,53,125,PM10,False,False,False,0.0,False,True
2026-07-07,2026-07-06,ZONE_HYD_01,Hyderabad,Metro,2.2,0.7,31.6,24.5,53,185,PM10,False,False,False,0.0,False,True
2026-07-08,2026-07-06,ZONE_HYD_01,Hyderabad,Metro,0.8,0.4,32.4,25.7,51,189,PM10,False,False,False,0.0,False,True
2026-07-09,2026-07-06,ZONE_HYD_01,Hyderabad,Metro,0.6,0.1,31.6,19.3,51,151,PM10,False,False,False,0.0,False,True
2026-07-10,2026-07-06,ZONE_HYD_01,Hyderabad,Metro,0.0,0.0,32.7,18.1,3,208,PM2.5,False,False,False,0.0,False,True
2026-07-11,2026-07-06,ZONE_HYD_01,Hyderabad,Metro,0.8,0.5,33.3,19.2,53,118,PM10,False,False,False,0.0,False,True
2026-07-12,2026-07-06,ZONE_HYD_01,Hyderabad,Metro,0.0,0.0,33.2,20.1,3,181,PM10,False,False,False,0.0,False,True
2026-07-13,2026-07-13,ZONE_HYD_01,Hyderabad,Metro,0.9,0.2,33.9,18.3,53,133,PM10,False,True,True,0.0,False,True
2026-07-14,2026-07-13,ZONE_HYD_01,Hyderabad,Metro,0.0,0.0,32.8,18.2,3,178,PM10,False,False,False,0.0,False,True
2026-07-15,2026-07-13,ZONE_HYD_01,Hyderabad,Metro,0.7,0.4,32.9,15.9,53,178,PM10,False,False,False,0.0,False,True
2026-07-16,2026-07-13,ZONE_HYD_01,Hyderabad,Metro,1.0,0.9,32.6,19.0,53,105,PM10,False,False,False,0.0,False,True
2026-07-17,2026-07-13,ZONE_HYD_01,Hyderabad,Metro,13.6,6.9,29.3,13.1,61,120,PM10,False,False,False,0.0,False,True
2026-07-18,2026-07-13,ZONE_HYD_01,Hyderabad,Metro,8.2,5.4,28.6,16.8,61,206,PM2.5,False,False,False,0.0,False,True
2026-07-19,2026-07-13,ZONE_HYD_01,Hyderabad,Metro,2.4,1.5,30.6,15.7,55,166,PM10,False,False,False,0.0,False,True
2026-07-20,2026-07-20,ZONE_HYD_01,Hyderabad,Metro,5.0,3.7,29.8,18.3,55,175,PM10,False,False,False,0.0,False,True
2026-07-21,2026-07-20,ZONE_HYD_01,Hyderabad,Metro,13.9,6.6,26.7,18.4,63,107,PM10,False,False,False,0.0,False,True
2026-07-22,2026-07-20,ZONE_HYD_01,Hyderabad,Metro,12.3,7.2,26.3,19.6,61,89,O3,False,False,False,0.0,False,True
2026-07-23,2026-07-20,ZONE_HYD_01,Hyderabad,Metro,1.2,0.4,28.6,24.2,53,135,PM10,False,False,False,0.0,False,True
2026-07-24,2026-07-20,ZONE_HYD_01,Hyderabad,Metro,0.2,0.1,29.2,25.3,51,164,PM10,False,False,False,0.0,False,True
2026-07-25,2026-07-20,ZONE_HYD_01,Hyderabad,Metro,0.0,0.0,29.7,19.3,3,82,O3,False,False,False,0.0,False,True
2026-07-26,2026-07-20,ZONE_HYD_01,Hyderabad,Metro,6.2,4.1,30.0,19.1,61,178,PM10,False,False,False,0.0,False,True
2026-07-27,2026-07-27,ZONE_HYD_01,Hyderabad,Metro,16.5,4.3,29.0,18.4,63,101,PM10,False,False,False,0.0,False,True
2026-07-28,2026-07-27,ZONE_HYD_01,Hyderabad,Metro,8.0,6.5,30.3,20.2,61,137,PM10,False,False,False,0.0,False,True
2026-07-29,2026-07-27,ZONE_HYD_01,Hyderabad,Metro,24.9,14.6,25.5,20.2,63,106,PM10,False,False,False,0.0,False,True
2026-07-30,2026-07-27,ZONE_HYD_01,Hyderabad,Metro,15.1,3.7,25.0,24.3,63,116,PM10,False,False,False,0.0,False,True
2026-07-31,2026-07-27,ZONE_HYD_01,Hyderabad,Metro,2.7,2.2,29.4,24.2,51,107,PM10,False,False,False,0.0,False,True
2026-08-01,2026-07-27,ZONE_HYD_01,Hyderabad,Metro,2.0,1.0,30.3,17.2,51,182,PM10,False,False,False,0.0,False,True
2026-08-02,2026-07-27,ZONE_HYD_01,Hyderabad,Metro,1.3,0.6,30.6,17.7,51,210,PM2.5,False,False,False,0.0,False,True
2026-08-03,2026-08-03,ZONE_HYD_01,Hyderabad,Metro,2.7,0.4,30.6,15.0,53,131,PM10,False,False,False,0.0,False,True
2026-08-04,2026-08-03,ZONE_HYD_01,Hyderabad,Metro,9.0,8.2,28.8,14.2,63,190,PM10,False,False,False,0.0,False,True
2026-08-05,2026-08-03,ZONE_HYD_01,Hyderabad,Metro,4.5,3.1,29.9,16.2,55,211,PM2.5,False,False,False,0.0,False,True
2026-08-06,2026-08-03,ZONE_HYD_01,Hyderabad,Metro,1.8,1.3,29.4,16.6,53,87,O3,False,False,False,0.0,False,True
2026-08-07,2026-08-03,ZONE_HYD_01,Hyderabad,Metro,1.3,0.8,28.4,19.6,53,89,O3,False,False,False,0.0,False,True
2026-08-08,2026-08-03,ZONE_HYD_01,Hyderabad,Metro,1.0,0.2,28.8,19.4,51,123,PM10,False,False,False,0.0,False,True
2026-08-09,2026-08-03,ZONE_HYD_01,Hyderabad,Metro,0.2,0.1,30.2,20.0,51,123,PM10,False,False,False,0.0,False,True
2026-08-10,2026-08-10,ZONE_HYD_01,Hyderabad,Metro,2.4,1.3,30.8,15.6,53,94,O3,False,False,False,0.0,False,True
2026-08-11,2026-08-10,ZONE_HYD_01,Hyderabad,Metro,0.6,0.4,30.0,16.9,51,200,PM10,False,False,False,0.0,False,True
2026-08-12,2026-08-10,ZONE_HYD_01,Hyderabad,Metro,3.6,0.7,29.0,19.0,53,112,PM10,False,False,False,0.0,False,True
2026-08-13,2026-08-10,ZONE_HYD_01,Hyderabad,Metro,0.6,0.4,30.0,16.6,51,103,PM10,False,False,False,0.0,False,True
2026-08-14,2026-08-10,ZONE_HYD_01,Hyderabad,Metro,3.4,1.8,30.1,19.8,61,114,PM10,False,False,False,0.0,False,True
2026-08-15,2026-08-10,ZONE_HYD_01,Hyderabad,Metro,1.0,0.2,30.3,19.4,51,138,PM10,False,False,False,0.0,True,True
2026-08-16,2026-08-10,ZONE_HYD_01,Hyderabad,Metro,1.0,0.7,28.6,16.1,51,201,PM2.5,False,False,False,0.0,False,True
2026-08-17,2026-08-17,ZONE_HYD_01,Hyderabad,Metro,0.9,0.3,30.2,19.4,51,176,PM10,False,False,False,0.0,False,True
2026-08-18,2026-08-17,ZONE_HYD_01,Hyderabad,Metro,1.6,0.3,31.2,18.7,51,190,PM10,False,True,True,0.0,False,True
2026-08-19,2026-08-17,ZONE_HYD_01,Hyderabad,Metro,3.0,0.7,29.3,16.6,55,181,PM10,False,False,False,0.0,False,True
2026-08-20,2026-08-17,ZONE_HYD_01,Hyderabad,Metro,1.1,0.8,30.3,17.6,53,143,PM10,False,False,False,0.0,False,True
2026-08-21,2026-08-17,ZONE_HYD_01,Hyderabad,Metro,0.2,0.1,30.9,18.5,51,89,O3,False,False,False,0.0,False,True
2026-08-22,2026-08-17,ZONE_HYD_01,Hyderabad,Metro,0.4,0.2,31.5,18.5,51,132,PM10,False,False,False,0.0,False,True
2026-08-23,2026-08-17,ZONE_HYD_01,Hyderabad,Metro,11.0,5.1,28.2,17.3,61,131,PM10,False,False,False,1.2,False,True
2026-08-24,2026-08-24,ZONE_HYD_01,Hyderabad,Metro,2.9,1.9,27.4,16.5,53,80,O3,False,False,False,0.0,False,True
2026-08-25,2026-08-24,ZONE_HYD_01,Hyderabad,Metro,3.2,2.7,29.0,15.7,53,185,PM10,False,False,False,0.0,False,True
2026-08-26,2026-08-24,ZONE_HYD_01,Hyderabad,Metro,0.7,0.3,30.1,19.1,51,107,PM10,False,False,False,0.0,True,True
2026-08-27,2026-08-24,ZONE_HYD_01,Hyderabad,Metro,0.0,0.0,29.3,20.1,3,161,PM10,False,False,False,0.0,False,True
2026-08-28,2026-08-24,ZONE_HYD_01,Hyderabad,Metro,0.5,0.3,30.4,19.5,51,180,PM10,False,False,False,0.0,False,True
2026-08-29,2026-08-24,ZONE_HYD_01,Hyderabad,Metro,0.6,0.2,30.1,21.5,51,150,PM10,False,False,False,0.0,False,True
2026-08-30,2026-08-24,ZONE_HYD_01,Hyderabad,Metro,2.5,1.0,27.9,20.5,53,118,PM10,False,False,False,0.0,False,True
2026-08-31,2026-08-31,ZONE_HYD_01,Hyderabad,Metro,0.1,0.1,28.0,19.7,51,177,PM10,False,False,False,0.0,False,True
2026-09-01,2026-08-31,ZONE_HYD_01,Hyderabad,Metro,0.3,0.2,29.8,16.0,51,106,PM10,False,False,False,0.0,False,True
2026-09-02,2026-08-31,ZONE_HYD_01,Hyderabad,Metro,0.5,0.4,31.3,15.4,51,203,PM2.5,False,False,False,0.0,False,True
2026-09-03,2026-08-31,ZONE_HYD_01,Hyderabad,Metro,0.4,0.2,28.4,15.3,51,125,PM10,False,False,False,0.0,False,True
2026-09-04,2026-08-31,ZONE_HYD_01,Hyderabad,Metro,0.0,0.0,30.9,13.1,3,125,PM10,False,False,False,0.0,True,True
2026-09-05,2026-08-31,ZONE_HYD_01,Hyderabad,Metro,2.2,1.4,31.2,12.6,53,219,PM2.5,False,False,False,0.0,False,True
2026-09-06,2026-08-31,ZONE_HYD_01,Hyderabad,Metro,5.3,3.4,32.0,13.3,53,159,PM10,False,False,False,0.0,False,True
2026-09-07,2026-09-07,ZONE_HYD_01,Hyderabad,Metro,11.7,5.2,31.8,11.7,63,85,O3,False,False,False,0.0,False,True
2026-09-08,2026-09-07,ZONE_HYD_01,Hyderabad,Metro,0.3,0.2,32.1,14.2,51,218,PM2.5,False,False,False,0.0,False,True
2026-09-09,2026-09-07,ZONE_HYD_01,Hyderabad,Metro,2.6,1.0,32.2,14.6,55,210,PM2.5,False,False,False,0.0,False,True
2026-09-10,2026-09-07,ZONE_HYD_01,Hyderabad,Metro,3.2,1.9,31.5,15.3,61,163,PM10,False,False,False,0.0,False,True
2026-09-11,2026-09-07,ZONE_HYD_01,Hyderabad,Metro,1.5,0.8,30.6,15.3,53,150,PM10,False,False,False,0.0,False,True
2026-09-12,2026-09-07,ZONE_HYD_01,Hyderabad,Metro,2.4,0.5,29.9,15.0,53,105,PM10,True,False,True,0.0,False,True
2026-09-13,2026-09-07,ZONE_HYD_01,Hyderabad,Metro,4.6,2.5,29.3,10.4,53,165,PM10,False,False,False,0.0,False,True
2026-09-14,2026-09-14,ZONE_HYD_01,Hyderabad,Metro,5.5,0.8,27.1,7.5,53,101,PM10,False,False,False,0.0,False,True
2026-09-15,2026-09-14,ZONE_HYD_01,Hyderabad,Metro,3.1,1.2,32.2,10.6,55,84,O3,False,False,False,0.0,False,True
2026-09-16,2026-09-14,ZONE_HYD_01,Hyderabad,Metro,2.0,0.9,33.4,8.5,53,200,PM10,False,False,False,0.0,False,True
2026-09-17,2026-09-14,ZONE_HYD_01,Hyderabad,Metro,2.1,1.1,33.4,10.7,51,205,PM2.5,False,False,False,0.0,False,True
