worker_id,zone_id,city,zone_tier,persona_category,vehicle_type,vulnerability_score,tenure_days,work_pattern_type,avg_active_hours_per_week,avg_active_days_per_month,historical_weekly_income,rating
W_a4520496518a7d6c,ZONE_MAA_01,Chennai,Metro,Q_Commerce,Scooter,1.0,57,Part-Time,24.2,13,2413.93,4.61
W_902772cd82a60735,ZONE_DEL_01,Delhi_NCR,Metro,Food_Delivery,Scooter,1.0,59,Full-Time,42.7,25,4668.72,4.53
W_d55c074973f02352,ZONE_MAA_01,Chennai,Metro,Q_Commerce,Scooter,1.0,132,Full-Time,57.1,29,5778.8,4.47
W_fcefa50963905fbf,ZONE_BOM_01,Mumbai,Metro,Food_Delivery,Bike,1.2,241,Part-Time,29.0,16,2908.64,4.64
W_e6659cd15e081cc0,ZONE_HYD_01,Hyderabad,Metro,Food_Delivery,Scooter,1.0,371,Full-Time,63.0,27,7046.39,4.75
W_3a0dc0499eeb1040,ZONE_HYD_01,Hyderabad,Metro,E_Commerce,Scooter,1.0,137,Full-Time,40.4,25,4494.13,4.3
W_21dfcbdd8d139506,ZONE_MAA_01,Chennai,Metro,Q_Commerce,Scooter,1.0,111,Full-Time,50.2,26,5547.2,4.88
W_609c85a6fdc90054,ZONE_HYD_01,Hyderabad,Metro,E_Commerce,Bike,1.2,62,Full-Time,52.2,25,5447.71,5.0
W_792a0e4885181e53,ZONE_BLR_01,Bangalore,Metro,Q_Commerce,Bike,1.2,136,Full-Time,50.7,26,5464.52,4.86
W_3977fff286ddbad0,ZONE_HYD_01,Hyderabad,Metro,Food_Delivery,Scooter,1.0,418,Full-Time,50.8,24,5822.74,4.85
W_dd2424a5de7ce13b,ZONE_MAA_01,Chennai,Metro,Food_Delivery,Scooter,1.0,59,Part-Time,27.1,13,2772.62,4.56
W_09f1c178b8d4ab95,ZONE_MAA_01,Chennai,Metro,Food_Delivery,Scooter,1.0,125,Part-Time,27.2,20,2750.94,4.82
W_45d2919c6d443325,ZONE_HYD_01,Hyderabad,Metro,Food_Delivery,Scooter,1.0,128,Part-Time,22.4,13,2555.82,5.0
W_1b04112ad75f09b0,ZONE_DEL_01,Delhi_NCR,Metro,Q_Commerce,Scooter,1.0,131,Full-Time,50.8,25,5621.85,4.8
W_86c0380f83020987,ZONE_BOM_01,Mumbai,Metro,Food_Delivery,Bike,1.2,143,Full-Time,66.5,26,7228.62,4.49
W_47079ae3154e5211,ZONE_MAA_01,Chennai,Metro,Food_Delivery,Scooter,1.0,127,Part-Time,25.0,13,2607.25,4.82
W_f7b997c785123d65,ZONE_HYD_01,Hyderabad,Metro,Food_Delivery,Scooter,1.0,104,Full-Time,49.5,23,5557.15,4.52
W_1b7967e315ff5f4e,ZONE_BLR_01,Bangalore,Metro,Food_Delivery,Scooter,1.0,116,Part-Time,26.4,11,2940.28,4.39
W_c5d6935b8b864525,ZONE_BLR_01,Bangalore,Metro,Food_Delivery,Scooter,1.0,197,Full-Time,44.6,23,4426.24,5.0
W_914b535d96d4de31,ZONE_MAA_01,Chennai,Metro,Q_Commerce,Bicycle,1.8,610,Part-Time,29.3,13,2595.76,4.89
W_537a103c7feb7b31,ZONE_MAA_01,Chennai,Metro,Q_Commerce,Scooter,1.0,42,Full-Time,60.3,25,6228.87,4.86
W_438d1cd789e8f44c,ZONE_DEL_01,Delhi_NCR,Metro,Food_Delivery,Scooter,1.0,26,Part-Time,23.2,14,2655.12,4.36
W_110d9988d5961d9b,ZONE_BLR_01,Bangalore,Metro,Food_Delivery,Scooter,1.0,52,Full-Time,48.1,22,5492.11,4.72
W_d98a52f9cbeb1634,ZONE_DEL_01,Delhi_NCR,Metro,Food_Delivery,Bike,1.2,242,Full-Time,56.4,28,5522.19,4.62
W_08e6fccb88fab6c5,ZONE_DEL_01,Delhi_NCR,Metro,E_Commerce,Bicycle,1.8,51,Full-Time,45.4,27,3961.41,4.44
W_0e34004535fe526f,ZONE_BLR_01,Bangalore,Metro,Q_Commerce,Bike,1.2,41,Full-Time,40.7,26,4450.23,4.47
W_1506ca04b01f071b,ZONE_BLR_01,Bangalore,Metro,Food_Delivery,Bike,1.2,208,Full-Time,50.3,27,5321.87,5.0
W_ebc11507125ea7ab,ZONE_BOM_01,Mumbai,Metro,Food_Delivery,Scooter,1.0,33,Part-Time,28.2,15,3155.52,4.57
W_aa3cde79f1b0b184,ZONE_HYD_01,Hyderabad,Metro,Food_Delivery,Bike,1.2,208,Part-Time,31.1,17,2934.89,4.41
W_1081496b0d8c1a2e,ZONE_DEL_01,Delhi_NCR,Metro,Q_Commerce,Scooter,1.0,20,Full-Time,52.5,25,5886.86,4.27
W_2d22569d6034337e,ZONE_DEL_01,Delhi_NCR,Metro,Food_Delivery,Scooter,1.0,61,Full-Time,52.8,25,5616.81,4.3
W_0ad5761f7d7ef742,ZONE_DEL_01,Delhi_NCR,Metro,Food_Delivery,Scooter,1.0,309,Part-Time,27.6,10,2890.96,4.57
W_7f2b8b2f12987677,ZONE_BLR_01,Bangalore,Metro,Food_Delivery,Bike,1.2,51,Part-Time,27.8,15,2865.4,4.71
W_fe0470c7deaf52e8,ZONE_HYD_01,Hyderabad,Metro,Food_Delivery,Scooter,1.0,20,Full-Time,45.5,26,4897.67,4.76
W_7e05a7b9838db15e,ZONE_HYD_01,Hyderabad,Metro,Food_Delivery,Bike,1.2,350,Full-Time,42.8,28,4664.63,4.47
W_b75e4da4b81942bc,ZONE_BOM_01,Mumbai,Metro,Q_Commerce,Bike,1.2,521,Full-Time,47.4,23,4975.09,4.82
W_8f7bc390ef77a6ed,ZONE_MAA_01,Chennai,Metro,Q_Commerce,Scooter,1.0,110,Full-Time,49.2,25,5146.99,4.94
W_fbb5ef8af78d1c37,ZONE_MAA_01,Chennai,Metro,Food_Delivery,Bike,1.2,237,Part-Time,30.1,14,3079.18,4.52
W_44ba6a5a94b29722,ZONE_BOM_01,Mumbai,Metro,Food_Delivery,Scooter,1.0,107,Full-Time,53.4,27,5837.93,4.7
W_2d25d41da2176452,ZONE_HYD_01,Hyderabad,Metro,Q_Commerce,Scooter,1.0,531,Full-Time,61.8,26,6097.81,4.84
W_a7415d1d0a8e7157,ZONE_HYD_01,Hyderabad,Metro,Food_Delivery,Scooter,1.0,144,Part-Time,27.6,14,2948.4,4.82
W_d0aa81eeb84cae89,ZONE_BOM_01,Mumbai,Metro,Food_Delivery,Scooter,1.0,57,Full-Time,41.4,23,4245.16,4.95
W_19de3fcfd11cddb9,ZONE_BOM_01,Mumbai,Metro,E_Commerce,Scooter,1.0,224,Part-Time,25.3,14,2778.78,4.76
W_7c0fe1dbaf8590e4,ZONE_HYD_01,Hyderabad,Metro,Food_Delivery,Scooter,1.0,269,Full-Time,45.1,25,4766.95,4.57
W_23011d139948d52c,ZONE_DEL_01,Delhi_NCR,Metro,Food_Delivery,Scooter,1.0,19,Full-Time,45.2,26,4634.75,4.56
W_3c0e64a301ae5edc,ZONE_DEL_01,Delhi_NCR,Metro,E_Commerce,Scooter,1.0,20,Full-Time,49.0,26,5157.97,4.52
W_b237d83a4d2a0e7d,ZONE_DEL_01,Delhi_NCR,Metro,E_Commerce,Scooter,1.0,165,Full-Time,56.9,23,5961.49,5.0
W_0bcb7f8dc0134fd1,ZONE_MAA_01,Chennai,Metro,Food_Delivery,Scooter,1.0,494,Part-Time,30.2,13,3398.63,4.47
W_efb187f43ff6fab9,ZONE_MAA_01,Chennai,Metro,Food_Delivery,Scooter,1.0,105,Part-Time,15.0,14,1563.93,4.34
W_c9343b30f4467310,ZONE_DEL_01,Delhi_NCR,Metro,Food_Delivery,Bike,1.2,109,Part-Time,25.4,21,2527.19,4.74
W_d7c92b49ddff2b6b,ZONE_DEL_01,Delhi_NCR,Metro,Food_Delivery,Bike,1.2,69,Full-Time,46.3,27,4829.52,4.4
W_19ad745c3995d6f0,ZONE_BOM_01,Mumbai,Metro,Q_Commerce,Scooter,1.0,23,Part-Time,22.0,16,2207.51,4.37
W_e4d6b1a96865b125,ZONE_BOM_01,Mumbai,Metro,Food_Delivery,Scooter,1.0,76,Full-Time,57.4,29,6507.64,5.0
W_0be024ebb1180e4f,ZONE_MAA_01,Chennai,Metro,Food_Delivery,Scooter,1.0,116,Full-Time,48.3,30,4778.57,4.65
W_7409fa98753c15e8,ZONE_BLR_01,Bangalore,Metro,Food_Delivery,Bike,1.2,136,Full-Time,42.0,26,4264.09,4.79
W_e9981c8467200278,ZONE_HYD_01,Hyderabad,Metro,Q_Commerce,Bike,1.2,177,Part-Time,20.6,14,2160.53,4.87
W_fa55d937b339bd13,ZONE_DEL_01,Delhi_NCR,Metro,Q_Commerce,Bike,1.2,127,Full-Time,46.0,25,4330.44,4.61
W_e02e72a23df33b08,ZONE_BLR_01,Bangalore,Metro,Q_Commerce,Bike,1.2,36,Full-Time,54.4,25,5727.59,4.58
W_69390287654665b0,ZONE_DEL_01,Delhi_NCR,Metro,Food_Delivery,Scooter,1.0,133,Full-Time,59.2,26,6687.28,4.82
W_3eedf2345c580b41,ZONE_MAA_01,Chennai,Metro,Food_Delivery,Bike,1.2,139,Full-Time,58.6,26,6038.33,4.88
W_427b5c492ddd6098,ZONE_DEL_01,Delhi_NCR,Metro,Food_Delivery,Scooter,1.0,358,Full-Time,54.3,26,5490.5,4.25
W_704ed00ce5f65bc7,ZONE_HYD_01,Hyderabad,Metro,Q_Commerce,Bicycle,1.8,177,Full-Time,57.2,27,5363.3,4.37
W_36ef6d1e1def4cde,ZONE_MAA_01,Chennai,Metro,Food_Delivery,Scooter,1.0,335,Full-Time,46.7,25,4677.0,4.71
W_d7d3177e85e4dccd,ZONE_HYD_01,Hyderabad,Metro,E_Commerce,Scooter,1.0,85,Full-Time,55.9,27,5521.0,4.57
W_83dfd05e11e962e8,ZONE_MAA_01,Chennai,Metro,Food_Delivery,Bike,1.2,158,Full-Time,55.7,30,5304.21,5.0
W_fffc6daf42faa934,ZONE_MAA_01,Chennai,Metro,Food_Delivery,Scooter,1.0,414,Full-Time,42.5,24,4235.54,4.6
W_048e554423539f57,ZONE_BOM_01,Mumbai,Metro,Q_Commerce,Scooter,1.0,83,Full-Time,62.1,24,6844.79,4.73
W_a2433eb122c14254,ZONE_BOM_01,Mumbai,Metro,Q_Commerce,Bike,1.2,957,Full-Time,46.4,27,4676.72,4.49
W_0b08262ea0d9ba65,ZONE_BOM_01,Mumbai,Metro,Q_Commerce,Bike,1.2,356,Full-Time,49.2,22,5112.43,4.58
W_a7088775dee01a79,ZONE_DEL_01,Delhi_NCR,Metro,Food_Delivery,Bike,1.2,336,Full-Time,50.6,27,5286.64,4.46
W_b5465b8ea3e6c59b,ZONE_BOM_01,Mumbai,Metro,Food_Delivery,Scooter,1.0,139,Full-Time,58.6,26,5815.73,4.38
W_14b3cf65a0556b53,ZONE_BLR_01,Bangalore,Metro,Q_Commerce,Scooter,1.0,199,Part-Time,28.3,20,2965.38,4.79
W_fa42c58b8e9f42f3,ZONE_HYD_01,Hyderabad,Metro,E_Commerce,Scooter,1.0,252,Part-Time,26.8,15,2883.93,4.52
W_01624169e6774b8c,ZONE_MAA_01,Chennai,Metro,Q_Commerce,Scooter,1.0,66,Part-Time,28.5,10,3264.66,4.36
W_25440c2551afb2ba,ZONE_DEL_01,Delhi_NCR,Metro,Food_Delivery,Bicycle,1.8,46,Full-Time,50.9,25,4677.05,4.13
W_a67e67df3e474a61,ZONE_HYD_01,Hyderabad,Metro,E_Commerce,Scooter,1.0,124,Part-Time,22.3,13,2348.95,5.0
W_74c5dc4729a717f3,ZONE_BLR_01,Bangalore,Metro,E_Commerce,Scooter,1.0,171,Part-Time,24.7,12,2688.46,4.23
W_4122300498fcabb0,ZONE_BLR_01,Bangalore,Metro,Food_Delivery,Scooter,1.0,22,Full-Time,45.9,29,4691.66,4.88
W_4caaa9b9adefcce3,ZONE_DEL_01,Delhi_NCR,Metro,E_Commerce,Scooter,1.0,165,Full-Time,53.1,28,5304.19,4.6
W_288eecdb59811787,ZONE_MAA_01,Chennai,Metro,E_Commerce,Scooter,1.0,84,Part-Time,28.2,20,3031.65,4.26
W_30c19def9adcb74f,ZONE_BLR_01,Bangalore,Metro,Q_Commerce,Bike,1.2,73,Full-Time,58.6,26,6248.3,4.79
W_2ab23fbe3087d5c4,ZONE_BOM_01,Mumbai,Metro,Food_Delivery,Scooter,1.0,556,Part-Time,21.7,15,2439.22,5.0
W_debaf724a7b4b70e,ZONE_BOM_01,Mumbai,Metro,Food_Delivery,Scooter,1.0,184,Full-Time,54.2,23,5666.94,4.59
W_f3201ecf78f39792,ZONE_DEL_01,Delhi_NCR,Metro,Food_Delivery,Bike,1.2,304,Full-Time,50.4,26,5019.97,4.95
W_df7d87fe5dbc220a,ZONE_DEL_01,Delhi_NCR,Metro,Q_Commerce,Scooter,1.0,155,Part-Time,18.9,21,2172.51,4.31
W_a5b732a3ca5b34b8,ZONE_BLR_01,Bangalore,Metro,Food_Delivery,Bike,1.2,61,Full-Time,55.0,28,5631.01,4.79
W_f498084b6dd51eef,ZONE_DEL_01,Delhi_NCR,Metro,Food_Delivery,Scooter,1.0,24,Full-Time,48.9,24,5142.26,4.72
W_0da839274534be02,ZONE_BOM_01,Mumbai,Metro,E_Commerce,Bike,1.2,160,Full-Time,37.0,25,3487.66,4.65
W_5155baf7916a96d6,ZONE_HYD_01,Hyderabad,Metro,E_Commerce,Bike,1.2,148,Full-Time,55.7,27,6047.52,4.16
W_6c840b2074eb7f1e,ZONE_BLR_01,Bangalore,Metro,Food_Delivery,Bike,1.2,94,Full-Time,48.6,26,4755.62,4.38
W_8ca9d997fc2e6f36,ZONE_BOM_01,Mumbai,Metro,Q_Commerce,Scooter,1.0,25,Full-Time,57.8,23,5863.4,4.94
W_774a75f4dd081a7b,ZONE_BLR_01,Bangalore,Metro,Food_Delivery,Bike,1.2,83,Full-Time,47.6,26,5032.83,4.78
W_93ca4ee16cc4ed93,ZONE_HYD_01,Hyderabad,Metro,Food_Delivery,Bike,1.2,131,Full-Time,55.7,28,5724.06,4.43
W_440cfcfb6438fefd,ZONE_BOM_01,Mumbai,Metro,Q_Commerce,Scooter,1.0,185,Full-Time,44.1,30,4904.24,4.61
W_17578dcbfaff6983,ZONE_BOM_01,Mumbai,Metro,Food_Delivery,Scooter,1.0,377,Full-Time,59.2,26,6648.88,4.69
W_ff23389b3dc2235a,ZONE_DEL_01,Delhi_NCR,Metro,Q_Commerce,Scooter,1.0,195,Full-Time,49.8,28,4957.39,5.0
W_9e054c0902affdde,ZONE_BOM_01,Mumbai,Metro,Food_Delivery,Bike,1.2,134,Full-Time,48.5,23,5080.94,4.19
W_87764060b92ef109,ZONE_BOM_01,Mumbai,Metro,Food_Delivery,Bike,1.2,27,Full-Time,45.7,24,4456.0,4.4
W_9e7aaf116f1edf69,ZONE_BOM_01,Mumbai,Metro,Food_Delivery,Scooter,1.0,301,Full-Time,57.3,23,6203.0,4.82
W_e039f49e8855a50d,ZONE_HYD_01,Hyderabad,Metro,Food_Delivery,Scooter,1.0,84,Part-Time,30.9,16,3141.41,4.56
W_c224a11bd32a2686,ZONE_BLR_01,Bangalore,Metro,Food_Delivery,Bike,1.2,49,Full-Time,52.4,25,5722.33,4.43
W_61009cb4f5f0b454,ZONE_DEL_01,Delhi_NCR,Metro,Q_Commerce,Scooter,1.0,137,Full-Time,51.6,27,5327.89,4.32
W_156ada9ef3a8f171,ZONE_BOM_01,Mumbai,Metro,Food_Delivery,Scooter,1.0,68,Full-Time,54.7,28,5666.92,4.41
W_b8449e41f752198a,ZONE_MAA_01,Chennai,Metro,Q_Commerce,Scooter,1.0,335,Full-Time,49.1,29,4894.61,5.0
W_467b1d9222c0c2d0,ZONE_BOM_01,Mumbai,Metro,Food_Delivery,Bike,1.2,315,Full-Time,47.8,24,4797.83,4.92
W_97586ce0c6f201d7,ZONE_MAA_01,Chennai,Metro,Food_Delivery,Scooter,1.0,405,Full-Time,55.6,27,6247.94,4.96
W_26d612d35978c5cf,ZONE_HYD_01,Hyderabad,Metro,E_Commerce,Bicycle,1.8,62,Full-Time,55.9,25,4761.5,4.58
W_bbb8a07d30866190,ZONE_BOM_01,Mumbai,Metro,E_Commerce,Bike,1.2,22,Full-Time,54.7,22,5946.95,4.39
W_c8e24308d7ed987a,ZONE_DEL_01,Delhi_NCR,Metro,Q_Commerce,Bicycle,1.8,44,Full-Time,42.8,23,4171.88,4.54
W_c6885404a630931a,ZONE_BLR_01,Bangalore,Metro,Food_Delivery,Bicycle,1.8,43,Full-Time,46.6,28,4186.82,4.85
W_324ffa8bbe5e7ad4,ZONE_BOM_01,Mumbai,Metro,Q_Commerce,Scooter,1.0,290,Full-Time,42.7,24,4352.66,4.59
W_bf528323a1ddf0c4,ZONE_BLR_01,Bangalore,Metro,Food_Delivery,Scooter,1.0,294,Full-Time,56.5,28,5591.81,4.99
W_d1e323d965ebbf5b,ZONE_BOM_01,Mumbai,Metro,Food_Delivery,Scooter,1.0,365,Part-Time,23.5,18,2661.3,4.51
W_f1e3f6f876e764f3,ZONE_DEL_01,Delhi_NCR,Metro,E_Commerce,Scooter,1.0,38,Full-Time,54.5,30,5846.82,4.65
W_15d6fc2bd0f99831,ZONE_DEL_01,Delhi_NCR,Metro,Food_Delivery,Bike,1.2,63,Full-Time,47.0,25,4934.1,4.89
W_45309da989e79e0b,ZONE_BLR_01,Bangalore,Metro,E_Commerce,Scooter,1.0,81,Full-Time,47.8,28,5232.7,5.0
W_6f828cfa696b66e4,ZONE_BOM_01,Mumbai,Metro,E_Commerce,Bike,1.2,196,Full-Time,55.0,25,5768.56,5.0
W_f0dfeeb5232d5b8a,ZONE_BOM_01,Mumbai,Metro,Q_Commerce,Scooter,1.0,343,Part-Time,17.6,17,1765.95,4.86
W_ceedd2206c87cd76,ZONE_HYD_01,Hyderabad,Metro,E_Commerce,Bike,1.2,86,Full-Time,53.9,23,5327.41,4.6
W_6433eaaed98a697a,ZONE_DEL_01,Delhi_NCR,Metro,Q_Commerce,Bike,1.2,104,Full-Time,48.5,25,5165.07,4.73
W_a0660018b5c7bfbb,ZONE_MAA_01,Chennai,Metro,Food_Delivery,Bicycle,1.8,119,Full-Time,43.8,23,4034.06,4.65
W_b73755066d8f7bee,ZONE_HYD_01,Hyderabad,Metro,Food_Delivery,Bike,1.2,150,Full-Time,58.3,20,6297.85,4.3
W_c5c1c0b9e16fbae0,ZONE_MAA_01,Chennai,Metro,Food_Delivery,Scooter,1.0,125,Full-Time,55.0,28,5814.13,4.86
W_3dc1c5e0c4515940,ZONE_HYD_01,Hyderabad,Metro,Q_Commerce,Scooter,1.0,100,Full-Time,47.0,25,4632.33,4.82
W_d5e174d6541fdf55,ZONE_HYD_01,Hyderabad,Metro,Food_Delivery,Scooter,1.0,38,Full-Time,54.9,27,5567.28,4.69
W_1f0259ac1eb10568,ZONE_BLR_01,Bangalore,Metro,Food_Delivery,Scooter,1.0,238,Full-Time,50.3,25,5597.47,4.64
W_1ed2975b552c19ef,ZONE_DEL_01,Delhi_NCR,Metro,Food_Delivery,Bike,1.2,120,Part-Time,30.0,14,2982.27,4.68
W_fe28cf7be69f9956,ZONE_DEL_01,Delhi_NCR,Metro,E_Commerce,Bike,1.2,795,Part-Time,33.2,16,3377.31,4.64
W_2ec0dce8b6e387ed,ZONE_DEL_01,Delhi_NCR,Metro,Food_Delivery,Bicycle,1.8,16,Part-Time,26.2,14,2345.74,4.29
W_09f55b06fea94393,ZONE_BOM_01,Mumbai,Metro,Food_Delivery,Bicycle,1.8,115,Full-Time,48.9,26,4262.72,4.37
W_8f1e62a4025d151f,ZONE_BLR_01,Bangalore,Metro,Food_Delivery,Scooter,1.0,566,Full-Time,39.5,25,3964.3,4.61
W_5fd6fc233c629496,ZONE_BLR_01,Bangalore,Metro,Food_Delivery,Scooter,1.0,86,Part-Time,23.7,16,2450.39,4.76
W_7bf86a3e77822877,ZONE_DEL_01,Delhi_NCR,Metro,E_Commerce,Bike,1.2,66,Part-Time,21.8,16,2385.64,4.6
W_35c97ac5ec454310,ZONE_HYD_01,Hyderabad,Metro,Food_Delivery,Bike,1.2,307,Full-Time,53.3,26,5014.18,4.96
W_f8858ff3e5051c86,ZONE_MAA_01,Chennai,Metro,Q_Commerce,Scooter,1.0,53,Part-Time,33.5,12,3703.2,4.96
W_f32a3843bf2929a5,ZONE_BLR_01,Bangalore,Metro,Q_Commerce,Bike,1.2,22,Full-Time,50.8,25,5109.9,4.46
W_1b7e389b0fbc2a98,ZONE_DEL_01,Delhi_NCR,Metro,Food_Delivery,Bike,1.2,37,Part-Time,28.6,19,3081.93,4.66
W_352b016972689a21,ZONE_DEL_01,Delhi_NCR,Metro,Food_Delivery,Bicycle,1.8,53,Full-Time,63.3,24,5929.64,4.94
W_60553a562ab6a7f2,ZONE_DEL_01,Delhi_NCR,Metro,Food_Delivery,Scooter,1.0,323,Full-Time,55.2,27,6313.05,5.0
W_0b478719825e0080,ZONE_DEL_01,Delhi_NCR,Metro,Food_Delivery,Scooter,1.0,63,Part-Time,27.7,13,2822.7,4.57
W_f8c79f3c29285144,ZONE_DEL_01,Delhi_NCR,Metro,Food_Delivery,Bicycle,1.8,53,Full-Time,61.6,26,5847.3,4.1
W_15d5e30ace24d9a9,ZONE_MAA_01,Chennai,Metro,Food_Delivery,Scooter,1.0,360,Full-Time,38.2,24,4140.83,4.61
W_a69b3416f454131e,ZONE_BLR_01,Bangalore,Metro,Q_Commerce,Bike,1.2,16,Full-Time,48.8,25,5304.79,4.38
W_f9bfdca1cf2eeca9,ZONE_BLR_01,Bangalore,Metro,Food_Delivery,Bike,1.2,120,Full-Time,51.7,29,5054.21,4.81
W_bbb7c13213af9802,ZONE_HYD_01,Hyderabad,Metro,Food_Delivery,Scooter,1.0,89,Full-Time,45.4,23,5064.48,4.89
W_aba3400fc421af23,ZONE_BLR_01,Bangalore,Metro,Food_Delivery,Scooter,1.0,191,Full-Time,53.5,29,5511.43,4.62
W_1c2bd39507a85c2e,ZONE_HYD_01,Hyderabad,Metro,Food_Delivery,Bicycle,1.8,247,Full-Time,48.4,22,4309.61,4.78
W_267d567a8c3d1814,ZONE_MAA_01,Chennai,Metro,Q_Commerce,Scooter,1.0,121,Full-Time,54.7,24,6087.85,4.66
W_56ec7eb4eed5b146,ZONE_BLR_01,Bangalore,Metro,Food_Delivery,Scooter,1.0,52,Full-Time,47.5,28,5196.93,4.72
W_d0546cf1f9834998,ZONE_DEL_01,Delhi_NCR,Metro,Food_Delivery,Scooter,1.0,105,Full-Time,61.7,24,6641.22,4.59
W_5f0fdf2510d6c035,ZONE_DEL_01,Delhi_NCR,Metro,Food_Delivery,Scooter,1.0,121,Part-Time,32.4,16,3332.44,4.58
W_37286c3d6cd650a5,ZONE_MAA_01,Chennai,Metro,Food_Delivery,Bike,1.2,256,Full-Time,50.0,23,4804.91,4.25
W_3da66f7f999ea8d2,ZONE_MAA_01,Chennai,Metro,Q_Commerce,Scooter,1.0,27,Full-Time,40.8,27,4473.48,4.9
W_920b7777eddc774b,ZONE_HYD_01,Hyderabad,Metro,Food_Delivery,Scooter,1.0,284,Part-Time,22.8,18,2280.96,4.56
W_c0c9210bc101366b,ZONE_BOM_01,Mumbai,Metro,Q_Commerce,Bike,1.2,42,Part-Time,28.3,18,2710.68,4.69
W_dc7d78cca46a3b0d,ZONE_HYD_01,Hyderabad,Metro,Q_Commerce,Scooter,1.0,229,Part-Time,17.7,13,1824.42,4.92
W_389fc546f40d7534,ZONE_MAA_01,Chennai,Metro,Food_Delivery,Scooter,1.0,133,Part-Time,25.5,15,2867.2,4.91
W_fa3032d0327a462b,ZONE_BLR_01,Bangalore,Metro,E_Commerce,Scooter,1.0,212,Part-Time,29.0,17,2952.85,5.0
W_26d4157836929115,ZONE_BLR_01,Bangalore,Metro,Q_Commerce,Scooter,1.0,309,Full-Time,53.5,21,5452.58,5.0
W_ade7dcd72d784710,ZONE_DEL_01,Delhi_NCR,Metro,Food_Delivery,Scooter,1.0,21,Full-Time,47.4,21,5269.15,4.66
W_9848d02b418bea42,ZONE_MAA_01,Chennai,Metro,Food_Delivery,Scooter,1.0,85,Full-Time,52.8,24,5259.59,4.35
W_0458a8227990f06a,ZONE_HYD_01,Hyderabad,Metro,Food_Delivery,Scooter,1.0,351,Full-Time,59.5,27,6328.42,4.85
W_077170b5c8ed69fa,ZONE_DEL_01,Delhi_NCR,Metro,Food_Delivery,Scooter,1.0,21,Part-Time,25.5,13,2564.66,4.94
W_b370bd5ae6a9e5f5,ZONE_DEL_01,Delhi_NCR,Metro,Food_Delivery,Scooter,1.0,92,Full-Time,50.7,25,5563.58,4.88
W_57aaba236d77b93c,ZONE_HYD_01,Hyderabad,Metro,E_Commerce,Bike,1.2,146,Full-Time,56.2,30,5534.84,4.76
W_03b9f42be7e6a117,ZONE_BOM_01,Mumbai,Metro,Food_Delivery,Bike,1.2,48,Full-Time,57.2,25,5473.41,4.43
W_4a2f54ba870d9558,ZONE_HYD_01,Hyderabad,Metro,Food_Delivery,Bike,1.2,265,Full-Time,52.5,22,5014.31,4.71
W_6ce9fab807f0cf69,ZONE_DEL_01,Delhi_NCR,Metro,Food_Delivery,Scooter,1.0,39,Full-Time,54.4,26,5896.78,4.7
W_e58250428367733f,ZONE_MAA_01,Chennai,Metro,Q_Commerce,Bike,1.2,83,Full-Time,55.7,24,5473.73,4.63
W_aa635392c7191062,ZONE_MAA_01,Chennai,Metro,Q_Commerce,Scooter,1.0,187,Full-Time,59.3,25,6072.39,5.0
W_19eead91b8a3ef2f,ZONE_HYD_01,Hyderabad,Metro,E_Commerce,Scooter,1.0,561,Full-Time,59.0,25,6021.66,4.75
W_130c62b1780d5442,ZONE_DEL_01,Delhi_NCR,Metro,Food_Delivery,Scooter,1.0,333,Part-Time,26.7,18,2808.31,4.67
W_b3a42227b037774e,ZONE_HYD_01,Hyderabad,Metro,E_Commerce,Bike,1.2,115,Full-Time,60.2,25,5746.66,4.34
W_f048af82c0c850a4,ZONE_BLR_01,Bangalore,Metro,Q_Commerce,Bicycle,1.8,103,Full-Time,55.4,27,4730.77,4.85
W_cefdf79a59137c33,ZONE_BOM_01,Mumbai,Metro,Food_Delivery,Bicycle,1.8,64,Part-Time,24.5,14,2214.97,5.0
W_52ff32f5e6826a91,ZONE_HYD_01,Hyderabad,Metro,Food_Delivery,Bicycle,1.8,183,Full-Time,60.0,28,5414.37,4.46
W_c2a41f580914475e,ZONE_HYD_01,Hyderabad,Metro,Food_Delivery,Bike,1.2,211,Part-Time,22.0,13,2197.09,4.71
W_1c1e8e267cbe669c,ZONE_DEL_01,Delhi_NCR,Metro,Food_Delivery,Scooter,1.0,16,Full-Time,58.3,24,6248.56,5.0
W_76f3b54ed7bb701d,ZONE_BOM_01,Mumbai,Metro,Food_Delivery,Scooter,1.0,120,Full-Time,55.3,21,6128.61,4.61
W_13bf1445fdc63abb,ZONE_MAA_01,Chennai,Metro,Q_Commerce,Scooter,1.0,46,Part-Time,26.3,17,2690.86,4.74
W_90d2aadfa09bdbf7,ZONE_MAA_01,Chennai,Metro,Food_Delivery,Bicycle,1.8,80,Full-Time,50.4,22,4891.63,4.58
W_ab21517ad7062176,ZONE_MAA_01,Chennai,Metro,Q_Commerce,Bicycle,1.8,124,Full-Time,50.5,28,4270.33,4.54
W_f4d96630bc33709b,ZONE_BLR_01,Bangalore,Metro,Food_Delivery,Scooter,1.0,22,Full-Time,46.2,27,4698.09,4.63
W_299c2ad60340816a,ZONE_HYD_01,Hyderabad,Metro,E_Commerce,Scooter,1.0,166,Full-Time,45.4,24,4947.53,4.69
W_37ec96cc5011b423,ZONE_BOM_01,Mumbai,Metro,Food_Delivery,Scooter,1.0,603,Full-Time,58.6,22,6704.75,3.9
W_514ba337844413ad,ZONE_BLR_01,Bangalore,Metro,E_Commerce,Bike,1.2,1224,Full-Time,55.4,24,5564.88,4.41
W_281e53a033d40ee3,ZONE_BOM_01,Mumbai,Metro,Q_Commerce,Scooter,1.0,28,Full-Time,47.1,28,4692.43,5.0
W_9cdf237c48dd25f3,ZONE_BOM_01,Mumbai,Metro,Food_Delivery,Scooter,1.0,166,Part-Time,24.0,17,2644.31,4.69
W_3a23c9187ff0abfa,ZONE_DEL_01,Delhi_NCR,Metro,E_Commerce,Scooter,1.0,252,Full-Time,50.0,22,5520.28,5.0
W_cb4616b01f45e042,ZONE_MAA_01,Chennai,Metro,Food_Delivery,Bike,1.2,78,Full-Time,65.7,25,6276.54,4.61
W_9d48291baa09deef,ZONE_DEL_01,Delhi_NCR,Metro,E_Commerce,Scooter,1.0,91,Full-Time,48.3,27,5077.35,5.0
W_f5412363b47f900d,ZONE_MAA_01,Chennai,Metro,Q_Commerce,Scooter,1.0,141,Full-Time,49.9,24,5108.61,4.82
W_3386a59b9c0a2aae,ZONE_BOM_01,Mumbai,Metro,Food_Delivery,Scooter,1.0,373,Full-Time,55.0,25,5957.6,4.7
W_873f8ac4b9526329,ZONE_MAA_01,Chennai,Metro,Food_Delivery,Bicycle,1.8,171,Full-Time,45.5,24,4018.17,4.58
W_d34e33ebd708cab1,ZONE_BLR_01,Bangalore,Metro,Food_Delivery,Bicycle,1.8,626,Part-Time,22.0,12,2147.42,4.18
W_264dd3c395bc2451,ZONE_BOM_01,Mumbai,Metro,Food_Delivery,Bike,1.2,41,Full-Time,48.4,25,5190.95,4.59
W_3851cbf9484039fd,ZONE_BLR_01,Bangalore,Metro,Food_Delivery,Bicycle,1.8,199,Full-Time,61.1,26,5629.17,4.54
W_2c68e6f080b848c7,ZONE_BLR_01,Bangalore,Metro,Q_Commerce,Scooter,1.0,257,Full-Time,60.1,25,6535.72,4.7
W_f645fd9efe1240f5,ZONE_DEL_01,Delhi_NCR,Metro,Q_Commerce,Bike,1.2,566,Part-Time,19.1,15,1834.04,4.95
W_7b5f20e591e32066,ZONE_DEL_01,Delhi_NCR,Metro,Food_Delivery,Bike,1.2,59,Full-Time,42.8,25,4508.12,4.31
W_eaa55ea6b2dd6b5a,ZONE_BOM_01,Mumbai,Metro,Food_Delivery,Scooter,1.0,241,Part-Time,19.3,10,2001.97,4.32
W_8d66499a52e9e594,ZONE_BLR_01,Bangalore,Metro,Q_Commerce,Scooter,1.0,26,Part-Time,21.8,20,2264.86,4.39
W_1d754e2690582565,ZONE_BLR_01,Bangalore,Metro,E_Commerce,Scooter,1.0,41,Full-Time,53.3,25,5657.45,4.72
W_535007592ece7574,ZONE_MAA_01,Chennai,Metro,Q_Commerce,Scooter,1.0,458,Part-Time,26.2,18,2855.26,4.36
W_22dceba1048f7f9f,ZONE_BLR_01,Bangalore,Metro,Food_Delivery,Scooter,1.0,157,Full-Time,62.7,26,6365.08,4.54
W_bcac97c7dc74e96b,ZONE_BOM_01,Mumbai,Metro,Food_Delivery,Bike,1.2,121,Part-Time,32.0,17,3030.41,4.44
W_3cd0a8ccfe7b0aef,ZONE_MAA_01,Chennai,Metro,Food_Delivery,Bicycle,1.8,312,Part-Time,22.6,16,2166.26,4.55
W_2ca3fca94dcc3868,ZONE_MAA_01,Chennai,Metro,Food_Delivery,Scooter,1.0,327,Part-Time,26.1,18,2684.31,4.5
W_21e5f0fa359b064e,ZONE_HYD_01,Hyderabad,Metro,E_Commerce,Scooter,1.0,59,Full-Time,49.2,22,5690.06,4.7
W_fe57a5c12bf8a432,ZONE_DEL_01,Delhi_NCR,Metro,E_Commerce,Scooter,1.0,332,Full-Time,46.6,26,5284.72,4.46
W_20541588942f189c,ZONE_HYD_01,Hyderabad,Metro,Food_Delivery,Bike,1.2,102,Full-Time,48.4,25,4747.26,4.69
W_4191324fcc89de5b,ZONE_DEL_01,Delhi_NCR,Metro,Food_Delivery,Scooter,1.0,127,Part-Time,27.3,15,2894.24,4.71
W_9c08dd861479a8c2,ZONE_HYD_01,Hyderabad,Metro,E_Commerce,Bike,1.2,683,Full-Time,56.6,27,6211.45,4.98
W_60cf4047962e17f3,ZONE_BOM_01,Mumbai,Metro,Food_Delivery,Bike,1.2,33,Part-Time,30.3,17,2948.51,5.0
W_832c807f831f172c,ZONE_MAA_01,Chennai,Metro,Food_Delivery,Scooter,1.0,72,Part-Time,30.9,15,3546.01,4.82
W_c7d8708e6d8df9e1,ZONE_BLR_01,Bangalore,Metro,E_Commerce,Scooter,1.0,25,Part-Time,24.4,18,2532.51,4.91
W_a7883198270353c0,ZONE_HYD_01,Hyderabad,Metro,Food_Delivery,Scooter,1.0,122,Full-Time,58.0,26,6600.24,4.45
W_5d6a8bde2fe4ea03,ZONE_BOM_01,Mumbai,Metro,Q_Commerce,Bike,1.2,34,Full-Time,51.5,26,4994.55,4.26
W_f4470ec81aeb9bab,ZONE_BOM_01,Mumbai,Metro,Q_Commerce,Bike,1.2,149,Full-Time,66.8,26,6957.37,5.0
W_f1f1fac7d9116b07,ZONE_DEL_01,Delhi_NCR,Metro,Food_Delivery,Bike,1.2,24,Full-Time,56.7,28,5336.92,4.72
W_76ead4db0148350b,ZONE_HYD_01,Hyderabad,Metro,Food_Delivery,Scooter,1.0,258,Full-Time,56.5,28,6129.34,4.39
W_ded54ba83bded451,ZONE_MAA_01,Chennai,Metro,Food_Delivery,Scooter,1.0,144,Full-Time,55.8,27,5572.11,4.99
W_ac902edef4df6a26,ZONE_BLR_01,Bangalore,Metro,Food_Delivery,Scooter,1.0,338,Full-Time,59.8,27,6612.88,4.53
W_d10a27ff5b0cc8e9,ZONE_BLR_01,Bangalore,Metro,Food_Delivery,Scooter,1.0,189,Full-Time,56.5,27,5777.86,4.82
W_31bcb1c09c0ef4d4,ZONE_HYD_01,Hyderabad,Metro,E_Commerce,Bike,1.2,43,Full-Time,52.0,29,5653.46,4.34
W_785315a8d4fb0dfe,ZONE_BLR_01,Bangalore,Metro,Food_Delivery,Scooter,1.0,54,Full-Time,56.1,22,6372.41,4.58
W_00370cf42f741cc4,ZONE_DEL_01,Delhi_NCR,Metro,E_Commerce,Bike,1.2,79,Part-Time,27.6,15,2894.85,4.5
W_bf44c008157b871e,ZONE_MAA_01,Chennai,Metro,Food_Delivery,Bike,1.2,200,Full-Time,46.4,25,4452.86,4.74
W_0d329d7b67cfbc2d,ZONE_MAA_01,Chennai,Metro,Q_Commerce,Scooter,1.0,96,Full-Time,48.2,25,4852.17,4.47
W_bd15eb9adbf10ac6,ZONE_MAA_01,Chennai,Metro,Q_Commerce,Bike,1.2,336,Full-Time,47.9,27,4940.13,4.62
W_f345d1e6302a5109,ZONE_BLR_01,Bangalore,Metro,Food_Delivery,Scooter,1.0,35,Full-Time,45.5,27,5105.83,4.68
W_229b1e6b7f228932,ZONE_MAA_01,Chennai,Metro,Q_Commerce,Scooter,1.0,523,Full-Time,52.5,28,6015.15,4.46
W_2f8b622f24ec0cc4,ZONE_BLR_01,Bangalore,Metro,E_Commerce,Bike,1.2,15,Full-Time,58.4,25,5738.95,4.54
W_e943601f7bb4f5cd,ZONE_DEL_01,Delhi_NCR,Metro,Food_Delivery,Scooter,1.0,205,Full-Time,46.0,26,4717.74,4.57
W_e585d06545500a30,ZONE_BOM_01,Mumbai,Metro,E_Commerce,Bike,1.2,16,Full-Time,56.9,26,5504.19,5.0
W_8b5c8b95ddabc107,ZONE_MAA_01,Chennai,Metro,E_Commerce,Scooter,1.0,319,Part-Time,21.7,14,2239.18,4.58
W_f339fb94373aa11c,ZONE_BLR_01,Bangalore,Metro,Food_Delivery,Bike,1.2,440,Full-Time,54.8,20,5776.48,4.97
W_eec38e5831cb6717,ZONE_DEL_01,Delhi_NCR,Metro,Food_Delivery,Scooter,1.0,95,Full-Time,57.3,26,6611.81,4.49
W_d7366d85e70820dd,ZONE_DEL_01,Delhi_NCR,Metro,Q_Commerce,Bike,1.2,319,Full-Time,52.9,26,5373.81,4.99
W_0f0fadf154903acc,ZONE_DEL_01,Delhi_NCR,Metro,E_Commerce,Scooter,1.0,192,Full-Time,50.1,26,5069.02,4.6
W_7f8fae32e08b63ff,ZONE_MAA_01,Chennai,Metro,Food_Delivery,Scooter,1.0,141,Full-Time,56.1,24,5835.29,5.0
W_61c848c01c1489b0,ZONE_BOM_01,Mumbai,Metro,Food_Delivery,Bike,1.2,113,Full-Time,48.9,28,4594.73,3.94
W_19edd0cc57005c21,ZONE_BLR_01,Bangalore,Metro,Food_Delivery,Scooter,1.0,93,Full-Time,51.8,26,5261.86,4.46
W_db413471d374ad93,ZONE_BLR_01,Bangalore,Metro,Food_Delivery,Bike,1.2,56,Part-Time,24.6,14,2504.34,5.0
W_6972b4e5745cde14,ZONE_DEL_01,Delhi_NCR,Metro,Food_Delivery,Bicycle,1.8,305,Full-Time,68.6,24,6717.4,5.0
W_4ff28900e233d85d,ZONE_BOM_01,Mumbai,Metro,Q_Commerce,Scooter,1.0,126,Full-Time,49.7,24,5605.39,4.45
W_aaf9a299ea466f7e,ZONE_DEL_01,Delhi_NCR,Metro,Food_Delivery,Scooter,1.0,190,Full-Time,50.1,24,5021.57,5.0
W_4a85e6e041152ac7,ZONE_BOM_01,Mumbai,Metro,Food_Delivery,Scooter,1.0,362,Part-Time,23.9,15,2366.48,4.42
W_bfb5792dcc1b015f,ZONE_BLR_01,Bangalore,Metro,Q_Commerce,Scooter,1.0,15,Full-Time,50.9,22,5863.82,4.43
W_1aefef70abfca3bd,ZONE_BLR_01,Bangalore,Metro,Food_Delivery,Bike,1.2,57,Part-Time,24.2,20,2541.36,4.48
